state,total_votes,rep_votes,rep_percent,rep_ev,dem_votes,dem_percent,dem_ev,other_votes,other_percent,other_ev,socialist_vote,socialist_percent,socialist_ev
Alabama,160477,55634,34.7,0,96368.0,60.1,11,,,,,,
Arkansas,127966,44800,35.0,0,81242.0,63.5,8,,,,,,
California,302399,164755,54.5,9,124985.0,41.3,0,,,,,,
Colorado,220895,92701,42.0,0,122705.0,55.5,4,,,,,,
Connecticut,180195,102572,56.9,6,74014.0,41.1,0,,,,,,
Delaware,41989,22535,53.7,3,18852.0,44.9,0,,,,,,
Florida,39777,7463,18.8,0,28273.0,71.1,4,,,,,,
Georgia,121410,34260,28.2,0,81180.0,66.9,13,,,,,,
Idaho,56760,27198,47.9,0,28260.0,49.8,3,,,,,,
Illinois,1131898,597985,52.8,24,503061.0,44.4,0,,,,,,
Indiana,664094,336063,50.6,15,309584.0,46.6,0,,,,,,
Iowa,530345,307799,58.0,13,209261.0,39.5,0,,,,,,
Kansas,353766,185955,52.6,10,162601.0,46.0,0,,,,,,
Kentucky,467580,226801,48.5,0,234889.0,50.2,13,,,,,,
Louisiana,67906,14234,21.0,0,53668.0,79.0,8,,,,,,
Maine,107698,66413,61.7,6,37822.0,35.1,0,,,,,,
Maryland,264386,136151,51.5,8,122237.0,46.2,0,,,,,,
Massachusetts,414804,238866,57.6,15,156997.0,37.8,0,,,,,,
Michigan,543789,316014,58.1,14,211432.0,38.9,0,,,,,,
Minnesota,316311,190461,60.2,9,112901.0,35.7,0,,,,,,
Mississippi,59055,5707,9.7,0,51706.0,87.6,9,,,,,,
Missouri,683658,314092,45.9,0,351922.0,51.5,17,,,,,,
Montana,63856,25409,39.8,0,37311.0,58.4,3,,,,,,
Nebraska,241430,121835,50.5,8,114013.0,47.2,0,,,,,,
Nevada,10196,3849,37.8,0,6347.0,62.2,3,,,,,,
New Hampshire,92364,54799,59.3,4,35489.0,38.4,0,,,,,,
New Jersey,401050,221707,55.3,10,164808.0,41.1,0,,,,,,
New York,1548043,822013,53.1,36,678462.0,43.8,0,,,,,,
North Carolina,292518,132997,45.5,0,157733.0,53.9,11,,,,,,
North Dakota,57783,35898,62.1,3,20524.0,35.5,0,,,,,,
Ohio,1040073,543918,52.3,23,474882.0,45.7,0,,,,,,
Oregon,84216,46526,55.2,4,33385.0,39.6,0,,,,,,
Pennsylvania,1173210,712665,60.7,32,424232.0,36.2,0,,,,,,
Rhode Island,56548,33784,59.7,4,19812.0,35.0,0,,,,,,
South Carolina,50698,3525,7.0,0,47173.0,93.0,9,,,,,,
South Dakota,96169,54574,56.7,4,39538.0,41.1,0,,,,,,
Tennessee,273860,123108,45.0,0,145240.0,53.0,12,,,,,,
Texas,424334,131174,30.9,0,267945.0,63.1,15,,,,,,
Utah,93071,47089,50.6,3,44949.0,48.3,0,,,,,,
Vermont,56212,42569,75.7,4,12849.0,22.9,0,,,,,,
Virginia,264208,115769,43.8,0,146079.0,55.3,12,,,,,,
Washington,107523,57455,53.4,4,44833.0,41.7,0,,,,,,
West Virginia,220796,119829,54.3,6,98807.0,44.8,0,,,,,,
Wisconsin,442501,265760,60.1,12,159163.0,36.0,0,,,,,,
Wyoming,24708,14482,58.6,3,10164.0,41.1,0,,,,,,
Alabama,108785,22472,20.7,0,79797.0,73.4,11,,,,,,
Arkansas,116328,46760,40.2,0,64434.0,55.4,9,,,,,,
California,331768,205226,61.9,10,89294.0,26.9,0,,,,,,
Colorado,243667,134661,55.3,5,100105.0,41.1,0,,,,,,
Connecticut,191136,111089,58.1,7,72909.0,38.1,0,,,,,,
Delaware,43856,23705,54.1,3,19347.0,44.1,0,,,,,,
Florida,39302,8314,21.2,0,27046.0,68.8,5,,,,,,
Georgia,130986,24004,18.3,0,83466.0,63.7,13,,,,,,
Idaho,72577,47783,65.8,3,18480.0,25.5,0,,,,,,
Illinois,1076495,632645,58.8,27,327606.0,30.4,0,,,,,,
Indiana,682206,368289,54.0,15,274356.0,40.2,0,,,,,,
Iowa,485703,307907,63.4,13,149141.0,30.7,0,,,,,,
Kansas,329047,213455,64.9,10,86164.0,26.2,0,,,,,,
Kentucky,435946,205457,47.1,0,217170.0,49.8,13,,,,,,
Louisiana,53908,5205,9.7,0,47708.0,88.5,9,,,,,,
Maine,96036,64438,67.1,6,27648.0,28.8,0,,,,,,
Maryland,224229,109497,48.8,1,109446.0,7.0,,,,,,,
Massachusetts,445100,257813,57.9,16,165746.0,37.2,0,,,,,,
Michigan,520443,361863,69.5,14,134163.0,25.8,0,,,,,,
Minnesota,292860,216651,74.0,11,55187.0,18.8,0,,,,,,
Mississippi,58721,3280,5.6,0,53480.0,91.1,10,,,,,,
Missouri,643861,321449,49.9,18,296312.0,46.0,0,,,,,,
Montana,63568,33994,53.5,3,21816.0,34.3,0,,,,,,
Nebraska,225732,138558,61.4,8,52921.0,23.4,0,,,,,,
Nevada,12115,6864,56.7,3,3982.0,32.9,0,,,,,,
New Hampshire,90151,54157,60.1,4,34071.0,37.8,0,,,,,,
New Jersey,432547,245164,56.7,12,164566.0,38.0,0,,,,,,
New York,1617765,859533,53.1,39,683981.0,42.3,0,,,,,,
North Carolina,207818,82442,39.7,0,124091.0,59.7,12,,,,,,
North Dakota,70279,52595,74.8,4,14273.0,20.3,0,,,,,,
Ohio,1004395,600095,59.7,23,344674.0,34.3,0,,,,,,
Oregon,89656,60309,67.3,4,17327.0,19.3,0,,,,,,
Pennsylvania,1236738,840949,68.0,34,337998.0,27.3,0,,,,,,
Rhode Island,68656,41605,60.6,4,24839.0,36.2,0,,,,,,
South Carolina,55890,2570,4.6,0,53320.0,95.4,9,,,,,,
South Dakota,101395,72083,71.1,4,21969.0,21.7,0,,,,,,
Tennessee,242750,105363,43.4,0,131653.0,54.2,12,,,,,,
Texas,233609,51307,22.0,0,167088.0,71.5,18,,,,,,
Utah,101626,62446,61.4,3,33413.0,32.9,0,,,,,,
Vermont,51888,40459,78.0,4,9777.0,18.8,0,,,,,,
Virginia,130410,48180,36.9,0,80649.0,61.8,12,,,,,,
Washington,145151,101540,70.0,5,28098.0,19.4,0,,,,,,
West Virginia,239986,132620,55.3,7,100855.0,42.0,0,,,,,,
Wisconsin,443440,280314,63.2,13,124205.0,28.0,0,,,,,,
Wyoming,30614,20489,66.9,3,8930.0,29.2,0,,,,,,
Alabama,105152,25561,24.3,0,74391.0,70.7,11,,,,,,
Arkansas,151845,56684,37.3,0,87020.0,57.3,9,,,,,,
California,386625,214398,55.5,10,127492.0,33.0,0,,,,,,
Colorado,263858,123693,46.9,0,126644.0,48.0,5,,,,,,
Connecticut,189903,112815,59.4,7,68255.0,35.9,0,,,,,,
Delaware,48007,25014,52.1,3,22055.0,45.9,0,,,,,,
Florida,49360,10654,21.6,0,31104.0,63.0,5,,,,,,
Georgia,132794,41692,31.4,0,72413.0,54.5,13,,,,,,
Idaho,97293,52621,54.1,3,36162.0,37.2,0,,,,,,
Illinois,1155254,629932,54.5,27,450810.0,39.0,0,,,,,,
Indiana,721117,348993,48.4,15,338262.0,46.9,0,,,,,,
Iowa,494770,275210,55.6,13,200771.0,40.6,0,,,,,,
Kansas,376043,197316,52.5,10,161209.0,42.9,0,,,,,,
Kentucky,490719,235711,48.0,0,244092.0,49.7,13,,,,,,
Louisiana,75117,8958,11.9,0,63568.0,84.6,9,,,,,,
Maine,106335,66987,63.0,6,35403.0,33.3,0,,,,,,
Maryland,238531,116513,48.8,2,115908.0,48.6,6,,,,,,
Massachusetts,456905,265966,58.2,16,155533.0,34.0,0,,,,,,
Michigan,538124,333313,61.9,14,174619.0,32.4,0,,,,,,
Minnesota,331328,195846,59.1,11,109411.0,33.0,0,,,,,,
Mississippi,66904,4363,6.5,0,60287.0,90.1,10,,,,,,
Missouri,715841,347203,48.5,18,346574.0,48.4,0,,,,,,
Montana,69233,32471,46.9,3,29511.0,42.6,0,,,,,,
Nebraska,266799,126997,47.6,0,131099.0,49.1,8,,,,,,
Nevada,24526,10775,43.9,0,11212.0,45.7,3,,,,,,
New Hampshire,89595,53144,59.3,4,33655.0,37.6,0,,,,,,
New Jersey,467111,265298,56.8,12,182522.0,39.1,0,,,,,,
New York,1638350,870070,53.1,39,667468.0,40.7,0,,,,,,
North Carolina,252554,114887,45.5,0,136928.0,54.2,12,,,,,,
North Dakota,94524,57680,61.0,4,32884.0,34.8,0,,,,,,
Ohio,1121552,572312,51.0,23,502721.0,44.8,0,,,,,,
Oklahoma,254260,110473,43.4,0,122362.0,48.1,7,,,,,,
Oregon,110539,62454,56.5,4,37792.0,34.2,0,,,,,,
Pennsylvania,1267450,745779,58.8,34,448782.0,35.4,0,,,,,,
Rhode Island,72317,43942,60.8,4,24706.0,34.2,0,,,,,,
South Carolina,66379,3945,5.9,0,62288.0,93.8,9,,,,,,
South Dakota,114775,67536,58.8,4,40266.0,35.1,0,,,,,,
Tennessee,257180,117977,45.9,0,135608.0,52.7,12,,,,,,
Texas,292913,65605,22.4,0,216662.0,74.0,18,,,,,,
Utah,108757,61165,56.2,3,42610.0,39.2,0,,,,,,
Vermont,52680,39552,75.1,4,11496.0,21.8,0,,,,,,
Virginia,137065,52572,38.4,0,82946.0,60.5,12,,,,,,
Washington,183570,106062,57.8,5,58383.0,31.8,0,,,,,,
West Virginia,258098,137869,53.4,7,111410.0,43.2,0,,,,,,
Wisconsin,454438,247744,54.5,13,166662.0,36.7,0,,,,,,
Wyoming,37608,20846,55.4,3,14918.0,39.7,0,,,,,,
Alabama,117959,22680,19.2,0,82438.0,69.9,12,9807.0,8.3,3029.0,2.6,,
Arizona,23687,6949,29.3,0,10324.0,43.6,3,2986.0,12.6,3163.0,13.4,,
Arkansas,125104,21644,17.3,0,68814.0,55.0,9,25585.0,20.5,8153.0,6.5,,
California,677877,283610,11.0,3847,283436.0,41.8,2,0.6,0.0,79201.0,11.7,,
Colorado,265954,71752,27.0,0,113912.0,42.8,6,58386.0,22.0,16366.0,6.2,,
Connecticut,190404,34129,17.9,0,74561.0,39.2,7,68324.0,35.9,10056.0,5.3,,
Delaware,48690,8886,18.3,0,22631.0,46.5,3,15997.0,32.9,556.0,1.1,,
Florida,51911,4555,8.8,0,36417.0,70.2,6,4279.0,8.2,4806.0,9.3,,
Georgia,121470,21985,18.1,0,93087.0,76.6,14,5191.0,4.3,1058.0,0.9,,
Idaho,105754,25527,24.1,0,33921.0,32.1,4,32810.0,31.0,11960.0,11.3,,
Illinois,1146173,386478,33.7,0,405048.0,35.3,29,253593.0,22.1,81278.0,7.1,,
Indiana,654474,162007,24.8,0,281890.0,43.1,15,151267.0,23.1,36931.0,5.6,,
Iowa,492353,161819,32.9,0,185322.0,37.6,13,119805.0,24.3,16967.0,3.4,,
Kansas,365560,120210,32.9,0,143663.0,39.3,10,74845.0,20.5,26779.0,7.3,,
Kentucky,453707,102766,22.7,0,219585.0,48.4,13,115520.0,25.5,11647.0,2.6,,
Louisiana,79248,9283,11.7,0,60871.0,76.8,10,3833.0,4.8,5261.0,6.6,,
Maine,129641,48495,37.4,0,51113.0,39.4,6,26545.0,20.5,2541.0,2.0,,
Maryland,231981,57789,24.9,0,112674.0,48.6,8,54956.0,23.7,3996.0,1.7,,
Massachusetts,488056,142228,29.1,0,173408.0,35.5,18,155948.0,32.0,12616.0,2.6,,
Michigan,547971,213243,38.9,15,150201.0,27.4,0,151434.0,27.6,23060.0,4.2,,
Minnesota,334219,125856,37.7,12,106426.0,31.8,0,64334.0,19.2,27505.0,8.2,,
Mississippi,64483,3549,5.5,0,57324.0,88.9,10,1560.0,2.4,2050.0,3.2,,
Missouri,698566,124375,17.8,0,330746.0,47.3,18,207821.0,29.7,28466.0,4.1,,
Montana,80256,22709,28.3,0,28129.0,35.0,4,18575.0,23.1,10811.0,13.5,,
Nebraska,249483,72681,29.1,0,109008.0,43.7,8,54226.0,21.7,10185.0,4.1,,
Nevada,20115,5620,27.9,0,7986.0,39.7,3,3196.0,15.9,3313.0,16.5,,
New Hampshire,87961,17794,20.2,0,34724.0,39.5,4,32927.0,37.4,1981.0,2.3,,
New Jersey,433663,145679,33.6,0,178638.0,41.2,14,89066.0,20.5,15948.0,3.7,,
New Mexico,48807,8347,17.1,0,20437.0,41.9,3,17164.0,35.2,2859.0,5.9,,
New York,1588315,390093,24.6,0,655573.0,41.3,45,455487.0,28.7,63434.0,4.0,,
North Carolina,243776,69135,28.4,0,144407.0,59.2,12,29129.0,11.9,987.0,0.4,,
North Dakota,86474,25726,29.7,0,29549.0,34.2,5,22990.0,26.6,6966.0,8.1,,
Ohio,1037114,229807,22.2,0,424834.0,41.0,24,278168.0,26.8,90164.0,8.7,,
Oklahoma,253694,0,0.0,0,119143.0,47.0,10,90726.0,35.8,41630.0,16.4,,
Oregon,137040,37600,27.4,0,47064.0,34.3,5,34673.0,25.3,13343.0,9.7,,
Pennsylvania,1217736,444894,36.5,38,395637.0,32.5,0,273360.0,22.4,83614.0,6.9,,
Rhode Island,77894,16878,21.7,0,30412.0,39.0,5,27703.0,35.6,2049.0,2.6,,
South Carolina,50403,1293,2.6,0,48355.0,95.9,9,536.0,1.1,164.0,0.3,,
South Dakota,116327,58811,50.6,5,48942.0,42.1,0,0.0,0.0,4664.0,4.0,,
Tennessee,251933,54041,21.5,0,133021.0,52.8,12,60475.0,24.0,3564.0,1.4,,
Texas,300961,26715,8.9,0,218921.0,72.7,20,28310.0,9.4,24884.0,8.3,,
Utah,112272,24174,21.5,42013,36576.0,32.6,0,37.4,4.0,8999.0,8.0,,
Vermont,62804,22129,35.2,23303,15350.0,24.4,0,37.1,4.0,928.0,1.5,,
Virginia,136975,21776,15.9,0,90332.0,65.9,12,23288.0,17.0,820.0,0.6,,
Washington,322799,113698,35.2,7,86840.0,26.9,0,70445.0,21.8,40134.0,12.4,,
West Virginia,268728,79112,29.4,0,113097.0,42.1,8,56754.0,21.1,15248.0,5.7,,
Wisconsin,399975,62448,15.6,0,164230.0,41.1,13,130596.0,32.7,33476.0,8.4,,
Wyoming,42283,9232,21.8,0,15310.0,36.2,3,14560.0,34.4,2760.0,6.5,,
Alabama,131142,28809,21.9,0,99409.0,75.6,12,,,,,,
Arizona,58019,20522,35.4,0,33170.0,57.2,3,,,,,,
Arkansas,168348,47148,28.0,0,112186.0,66.6,9,,,,,,
California,999250,462516,46.3,0,465936.0,46.6,13,,,,,,
Colorado,294375,102308,34.8,0,178816.0,60.5,6,,,,,,
Connecticut,213874,106514,49.8,7,99786.0,46.7,0,,,,,,
Delaware,51810,26011,50.2,3,24753.0,47.8,0,,,,,,
Florida,80734,14611,18.1,0,55984.0,69.3,6,,,,,,
Georgia,158690,11225,7.1,0,125845.0,79.3,14,,,,,,
Idaho,134615,55368,41.1,0,70054.0,52.0,4,,,,,,
Illinois,2192707,1152549,52.6,29,950229.0,43.3,0,,,,,,
Indiana,718853,341005,47.4,15,334063.0,46.5,0,,,,,,
Iowa,518738,280439,54.1,13,221699.0,42.7,0,,,,,,
Kansas,629813,277658,44.1,0,314588.0,49.9,10,,,,,,
Kentucky,520078,241854,46.5,0,269990.0,51.9,13,,,,,,
Louisiana,92974,6466,7.0,0,79875.0,85.9,10,,,,,,
Maine,136314,69508,51.0,6,64033.0,47.0,0,,,,,,
Maryland,262039,117347,44.8,0,138359.0,52.8,8,,,,,,
Massachusetts,531822,268784,50.5,18,247885.0,46.6,0,,,,,,
Michigan,646873,337952,52.2,15,283993.0,43.9,0,,,,,,
Minnesota,387367,179544,46.3,12,179155.0,46.2,0,,,,,,
Mississippi,86679,4253,4.9,0,80422.0,92.8,10,,,,,,
Missouri,786773,369339,46.9,0,398032.0,50.6,18,,,,,,
Montana,178009,66933,37.6,0,101104.0,56.8,4,,,,,,
Nebraska,287315,117771,41.0,0,158827.0,55.3,8,,,,,,
Nevada,33314,12127,36.4,0,17776.0,53.4,3,,,,,,
New Hampshire,89127,43725,0.0,43781,49.1,4.0,,,,,,,
New Jersey,494442,268982,54.4,14,211018.0,42.7,0,,,,,,
New Mexico,66879,31097,46.5,0,33693.0,50.4,3,,,,,,
New York,1706305,879238,51.5,45,759426.0,44.5,0,,,,,,
North Carolina,289837,120890,41.7,0,168383.0,58.1,12,,,,,,
North Dakota,115390,53471,46.3,0,55206.0,47.8,5,,,,,,
Ohio,1165091,514753,44.2,0,604161.0,51.9,24,,,,,,
Oklahoma,292327,97233,33.3,0,148123.0,50.7,10,,,,,,
Oregon,261650,126813,48.5,5,120087.0,45.9,0,,,,,,
Pennsylvania,1297189,703823,54.3,38,521784.0,40.2,0,,,,,,
Rhode Island,87816,44858,51.1,5,40394.0,46.0,0,,,,,,
South Carolina,63950,1550,2.4,0,61845.0,96.7,9,,,,,,
South Dakota,128942,64217,49.8,5,59191.0,45.9,0,,,,,,
Tennessee,272190,116223,42.7,0,153280.0,56.3,12,,,,,,
Texas,372467,64999,17.5,0,286514.0,76.9,20,,,,,,
Utah,143145,54137,37.8,0,84145.0,58.8,4,,,,,,
Vermont,64475,40250,62.4,4,22708.0,35.2,0,,,,,,
Virginia,153993,49358,32.1,0,102825.0,66.8,12,,,,,,
Washington,380994,167208,43.9,0,183388.0,48.1,7,,,,,,
West Virginia,289671,143124,49.4,7,140403.0,48.5,1,,,,,,
Wisconsin,447134,220822,49.4,13,191363.0,42.8,0,,,,,,
Wyoming,51906,21698,41.8,0,28376.0,54.7,3,,,,,,
Alabama,233951,74719,31.9,0,156064.0,66.7,12,,,,,,
Arizona,66803,37016,55.4,3,29546.0,44.2,0,,,,,,
Arkansas,183637,71117,38.7,0,107409.0,58.5,9,,,,,,
California,943463,624992,66.2,13,229191.0,24.3,0,,,,,,
Colorado,292053,173248,59.3,6,104936.0,35.9,0,,,,,,
Connecticut,365518,229238,62.7,7,120721.0,33.0,0,,,,,,
Delaware,94875,52858,55.7,3,39911.0,42.1,0,,,,,,
Florida,145684,44853,30.8,0,90515.0,62.1,6,,,,,,
Georgia,149558,42981,28.7,0,106112.0,71.0,14,,,,,,
Idaho,138359,91351,66.0,4,46930.0,33.9,0,,,,,,
Illinois,2094714,1420480,67.8,29,534395.0,25.5,0,,,,,,
Indiana,1262974,696370,55.1,15,511364.0,40.5,0,,,,,,
Iowa,894959,634674,70.9,13,227804.0,25.5,0,,,,,,
Kansas,570243,369268,64.8,10,185464.0,32.5,0,,,,,,
Kentucky,918636,452480,49.3,0,456497.0,49.7,13,,,,,,
Louisiana,126397,38539,30.5,0,87519.0,69.2,10,,,,,,
Maine,197840,136355,68.9,6,58961.0,29.8,0,,,,,,
Maryland,428443,236117,55.1,8,180626.0,42.2,0,,,,,,
Massachusetts,993718,681153,68.5,18,276691.0,27.8,0,,,,,,
Michigan,1048411,762865,72.8,15,233450.0,22.3,0,,,,,,
Minnesota,735838,519421,70.6,12,142994.0,19.4,0,,,,,,
Mississippi,82351,11576,14.1,0,69136.0,84.0,10,,,,,,
Missouri,1332140,727252,54.6,18,574699.0,43.1,0,,,,,,
Montana,179006,109430,61.1,4,57372.0,32.1,0,,,,,,
Nebraska,382743,247498,64.7,8,119608.0,31.3,0,,,,,,
Nevada,27194,15479,56.9,3,9851.0,36.2,0,,,,,,
New Hampshire,159092,95196,59.8,4,62662.0,39.4,0,,,,,,
New Jersey,910251,615333,67.6,14,258761.0,28.4,0,,,,,,
New Mexico,105412,57634,54.7,3,46668.0,44.3,0,,,,,,
New York,2898513,1871167,64.6,45,781238.0,27.0,0,,,,,,
North Carolina,538649,232819,43.2,0,305367.0,56.7,12,,,,,,
North Dakota,205786,160082,77.8,5,37422.0,18.2,0,,,,,,
Ohio,2021653,1182022,58.5,24,780037.0,38.6,0,,,,,,
Oklahoma,485678,243840,50.2,10,216122.0,44.5,0,,,,,,
Oregon,238522,143592,60.2,5,80019.0,33.5,0,,,,,,
Pennsylvania,1851248,1218215,65.8,38,503202.0,27.2,0,,,,,,
Rhode Island,167981,107463,64.0,5,55062.0,32.8,0,,,,,,
South Carolina,66808,2610,3.9,0,64170.0,96.1,9,,,,,,
South Dakota,182237,110692,60.7,5,35938.0,19.7,0,,,,,,
Tennessee,428036,219229,51.2,12,206558.0,48.3,0,,,,,,
Texas,486109,114658,23.6,0,287920.0,59.2,20,,,,,,
Utah,145828,81555,55.9,4,56639.0,38.8,0,,,,,,
Vermont,89961,68212,75.8,4,20919.0,23.3,0,,,,,,
Virginia,231000,87456,37.9,0,141670.0,61.3,12,,,,,,
Washington,398715,223137,56.0,7,84298.0,21.1,0,,,,,,
West Virginia,509936,282007,55.3,8,220785.0,43.3,0,,,,,,
Wisconsin,701281,498576,71.1,13,113422.0,16.2,0,,,,,,
Wyoming,56253,35091,62.4,3,17429.0,31.0,0,,,,,,
Alabama,166593,45005,27.0,0,112966.0,67.8,12,8084.0,4.9,,,,
Arizona,73961,30516,41.3,3,26235.0,35.5,0,17210.0,23.3,,,,
Arkansas,138540,40583,29.3,0,84790.0,61.2,9,13167.0,9.5,,,,
California,1281778,733250,57.2,13,105514.0,8.2,0,424649.0,33.1,,,,
Colorado,342261,195171,57.0,6,75238.0,22.0,0,69945.0,20.4,,,,
Connecticut,400396,246322,61.5,7,110184.0,27.5,0,42416.0,10.6,,,,
Delaware,90885,52441,57.7,3,33445.0,36.8,0,4979.0,5.5,,,,
Florida,109158,30633,28.1,0,62083.0,56.9,6,8625.0,7.9,,,,
Georgia,166635,30300,18.2,0,123262.0,74.0,14,12687.0,7.6,,,,
Idaho,147690,69791,47.3,4,23951.0,16.2,0,53948.0,36.5,,,,
Illinois,2470067,1453321,58.8,29,576975.0,23.4,0,432027.0,17.5,,,,
Indiana,1272390,703042,55.3,15,492245.0,38.7,0,71700.0,5.6,,,,
Iowa,976770,537458,55.0,13,160382.0,16.4,0,274448.0,28.1,,,,
Kansas,662456,407671,61.5,10,156320.0,23.6,0,98461.0,14.9,,,,
Kentucky,816070,398966,48.9,13,375593.0,46.0,0,38465.0,4.7,,,,
Louisiana,121951,24670,20.2,0,93218.0,76.4,10,0.0,0.0,,,,
Maine,192192,138440,72.0,6,41964.0,21.8,0,11382.0,5.9,,,,
Maryland,358630,162414,45.3,8,148072.0,41.3,0,47157.0,13.1,,,,
Massachusetts,1129837,703476,62.3,18,280831.0,24.9,0,141225.0,12.5,,,,
Michigan,1160419,874631,75.4,15,152359.0,13.1,0,122014.0,10.5,,,,
Minnesota,822146,420759,51.2,12,55913.0,6.8,0,339192.0,41.3,,,,
Mississippi,112442,8494,7.6,0,100474.0,89.4,10,3474.0,3.1,,,,
Missouri,1310095,648488,49.5,18,574962.0,43.9,0,83986.0,6.4,,,,
Montana,174425,74138,42.5,4,33805.0,19.4,0,65876.0,37.9,,,,
Nebraska,463559,218985,47.2,8,137299.0,29.6,0,105681.0,22.8,,,,
Nevada,26921,11243,41.8,3,5909.0,21.9,0,9769.0,36.3,,,,
New Hampshire,164769,98575,59.8,4,57201.0,34.7,0,8993.0,5.5,,,,
New Jersey,1088054,676277,62.2,14,298043.0,27.4,0,109028.0,10.0,,,,
New Mexico,112830,54745,48.5,3,48542.0,43.0,0,9543.0,8.5,,,,
New York,3263939,1820058,55.8,45,950796.0,29.1,0,474913.0,14.6,,,,
North Carolina,481608,190754,39.6,0,284190.0,59.0,12,6651.0,1.4,,,,
North Dakota,199081,94931,47.7,5,13858.0,7.0,0,89922.0,45.2,,,,
Ohio,2016296,1176130,58.3,24,477887.0,23.7,0,358008.0,17.8,,,,
Oklahoma,527928,225755,42.8,0,255798.0,48.4,10,41141.0,7.8,,,,
Oregon,279488,142579,51.0,5,67589.0,24.2,0,68403.0,24.5,,,,
Pennsylvania,2144850,1401481,65.3,38,409192.0,19.1,0,307567.0,14.3,,,,
Rhode Island,210115,125286,59.6,5,76606.0,36.5,0,7628.0,3.6,,,,
South Carolina,50755,1123,2.2,0,49008.0,96.6,9,623.0,1.2,,,,
South Dakota,203868,101299,49.7,5,27214.0,13.3,0,75355.0,37.0,,,,
Tennessee,301030,130831,43.5,0,159339.0,52.9,12,10666.0,3.5,,,,
Texas,657054,130794,19.9,0,483381.0,73.6,20,42879.0,6.5,,,,
Utah,156990,77327,49.3,4,47001.0,29.9,0,32662.0,20.8,,,,
Vermont,102917,80498,78.2,4,16124.0,15.7,0,5964.0,5.8,,,,
Virginia,223603,73328,32.8,0,139717.0,62.5,12,10369.0,4.6,,,,
Washington,421549,220224,52.2,7,42842.0,10.2,0,150727.0,35.8,,,,
West Virginia,583662,288635,49.5,8,257232.0,44.1,0,36723.0,6.3,,,,
Wisconsin,840827,311614,37.1,0,68115.0,8.1,453678,54.0,13.0,,,,
Wyoming,79900,41858,52.4,3,12868.0,16.1,0,25174.0,31.5,,,,
Alabama,248981,120725,48.5,0,127796.0,51.3,12,,,,,,
Arizona,91254,52533,57.6,3,38537.0,42.2,0,,,,,,
Arkansas,197726,77784,39.3,0,119196.0,60.3,9,,,,,,
California,1796656,1162323,64.7,13,614365.0,34.2,0,,,,,,
Colorado,392242,253872,64.7,6,133131.0,33.9,0,,,,,,
Connecticut,553118,296641,53.6,7,252085.0,45.6,0,,,,,,
Delaware,104602,68860,65.8,3,35354.0,33.8,0,,,,,,
Florida,253672,144168,56.8,6,101764.0,40.1,0,,,,,,
Georgia,231592,101800,44.0,0,129604.0,56.0,14,,,,,,
Idaho,154230,99848,64.7,4,53074.0,34.4,0,,,,,,
Illinois,3107489,1769141,56.9,29,1313817.0,42.3,0,,,,,,
Indiana,1421314,848290,59.7,15,562691.0,39.6,0,,,,,,
Iowa,1009189,623570,61.8,13,379011.0,37.6,0,,,,,,
Kansas,713200,513672,72.0,10,193003.0,27.1,0,,,,,,
Kentucky,940521,558064,59.3,13,381070.0,40.5,0,,,,,,
Louisiana,215833,51160,23.7,0,164655.0,76.3,10,,,,,,
Maine,262170,179923,68.6,6,81179.0,31.0,0,,,,,,
Maryland,528348,301479,57.1,8,223626.0,42.3,0,,,,,,
Massachusetts,1577823,775566,49.2,0,792758.0,50.2,18,,,,,,
Michigan,1372082,965396,70.4,15,396762.0,28.9,0,,,,,,
Minnesota,970976,560977,57.8,12,396451.0,40.8,0,,,,,,
Mississippi,151568,27030,17.8,0,124538.0,82.2,10,,,,,,
Missouri,1500845,834080,55.6,18,662684.0,44.2,0,,,,,,
Montana,194108,113300,58.4,4,78578.0,40.5,0,,,,,,
Nebraska,547128,345745,63.2,8,197950.0,36.2,0,,,,,,
Nevada,32417,18327,56.5,3,14090.0,43.5,0,,,,,,
New Hampshire,196757,115404,58.7,4,80715.0,41.0,0,,,,,,
New Jersey,1549381,926050,59.8,14,616517.0,39.8,0,,,,,,
New Mexico,118077,69708,59.0,3,48211.0,40.8,0,,,,,,
New York,4405626,2193344,49.8,45,2089863.0,47.4,0,,,,,,
North Carolina,635150,348923,54.9,12,286227.0,45.1,0,,,,,,
North Dakota,239845,131419,54.8,5,106648.0,44.5,0,,,,,,
Ohio,2508346,1627546,64.9,24,864210.0,34.5,0,,,,,,
Oklahoma,618427,394046,63.7,10,219174.0,35.4,0,,,,,,
Oregon,319942,205341,64.2,5,109223.0,34.1,0,,,,,,
Pennsylvania,3150612,2055382,65.2,38,1067586.0,33.9,0,,,,,,
Rhode Island,237194,117522,49.5,0,118973.0,50.2,5,,,,,,
South Carolina,68605,5858,8.5,0,62700.0,91.4,9,,,,,,
South Dakota,261857,157603,60.2,5,102660.0,39.2,0,,,,,,
Tennessee,353192,195388,55.3,12,157143.0,44.5,0,,,,,,
Texas,708999,367036,51.8,20,341032.0,48.1,0,,,,,,
Utah,176603,94618,53.6,4,80985.0,45.9,0,,,,,,
Vermont,135191,90404,66.9,4,44440.0,32.9,0,,,,,,
Virginia,305364,164609,53.9,12,140146.0,45.9,0,,,,,,
Washington,500840,335844,67.1,7,156772.0,31.3,0,,,,,,
West Virginia,642752,375551,58.4,8,263784.0,41.0,0,,,,,,
Wisconsin,1016831,544205,53.5,13,450259.0,44.3,0,,,,,,
Wyoming,82835,52748,63.7,3,29299.0,35.4,0,,,,,,
Alabama,245303,34675,14.1,0,207910.0,84.8,11,,,,,,
Arizona,118251,36104,30.5,0,79264.0,67.0,3,,,,,,
Arkansas,216569,27465,12.7,0,186829.0,86.3,9,,,,,,
California,2266972,847902,37.4,0,1324157.0,58.4,22,,,,,,
Colorado,457696,189617,41.4,0,250877.0,54.8,6,,,,,,
Connecticut,594183,288420,48.5,8,281632.0,47.4,0,,,,,,
Delaware,112901,57073,50.6,3,54319.0,48.1,0,,,,,,
Florida,276943,69170,25.0,0,206307.0,74.5,7,,,,,,
Georgia,255590,19863,7.8,0,234118.0,91.6,12,,,,,,
Idaho,186520,71312,38.2,0,109479.0,58.7,4,,,,,,
Illinois,3407926,1432756,42.0,0,1882304.0,55.2,29,,,,,,
Indiana,1576927,677184,42.9,0,862054.0,54.7,14,,,,,,
Iowa,1036687,414433,40.0,0,598019.0,57.7,11,,,,,,
Kansas,791978,349498,44.1,0,424204.0,53.6,9,,,,,,
Kentucky,983059,394716,40.2,0,580574.0,59.1,11,,,,,,
Louisiana,268804,18853,7.0,0,249418.0,92.8,10,,,,,,
Maine,298444,166631,55.8,5,128907.0,43.2,0,,,,,,
Maryland,511054,184184,36.0,0,314314.0,61.5,8,,,,,,
Massachusetts,1580114,736959,46.6,0,800148.0,50.6,17,,,,,,
Michigan,1664765,739894,44.4,0,871700.0,52.4,19,,,,,,
Minnesota,1002843,363959,36.3,0,600806.0,59.9,11,,,,,,
Mississippi,146034,5180,3.5,0,140168.0,96.0,9,,,,,,
Missouri,1609894,564713,35.1,0,1025406.0,63.7,15,,,,,,
Montana,216479,78078,36.1,0,127286.0,58.8,4,,,,,,
Nebraska,570135,201177,35.3,0,359082.0,63.0,7,,,,,,
Nevada,41430,12674,30.6,0,28756.0,69.4,3,,,,,,
New Hampshire,205520,103629,50.4,4,100680.0,49.0,0,,,,,,
New Jersey,1630063,775684,47.6,0,806630.0,49.5,16,,,,,,
New Mexico,151606,54217,35.8,0,95089.0,62.7,3,,,,,,
New York,4688614,1937963,41.3,0,2534959.0,54.1,47,,,,,,
North Carolina,711498,208344,29.3,0,497566.0,69.9,13,,,,,,
North Dakota,256290,71772,28.0,0,178350.0,69.6,4,,,,,,
Ohio,2609728,1227319,47.0,0,1301695.0,49.9,26,,,,,,
Oklahoma,704633,188165,26.7,0,516468.0,73.3,11,,,,,,
Oregon,368751,136019,36.9,0,213871.0,58.0,5,,,,,,
Pennsylvania,2859021,1453540,50.8,36,1295948.0,45.3,0,,,,,,
Rhode Island,266170,115266,43.3,0,146604.0,55.1,4,,,,,,
South Carolina,104407,1978,1.9,0,102347.0,98.0,8,,,,,,
South Dakota,288438,99212,34.4,0,183515.0,63.6,4,,,,,,
Tennessee,390273,126752,32.5,0,259473.0,66.5,11,,,,,,
Texas,863406,97959,11.3,0,760348.0,88.1,23,,,,,,
Utah,206578,84795,41.0,0,116750.0,56.5,4,,,,,,
Vermont,136980,78984,57.7,3,56266.0,41.1,0,,,,,,
Virginia,297942,89637,30.1,0,203979.0,68.5,11,,,,,,
Washington,614814,208645,33.9,0,353260.0,57.5,8,,,,,,
West Virginia,743774,330731,44.5,0,405124.0,54.5,8,,,,,,
Wisconsin,1114814,347741,31.2,0,707410.0,63.5,12,,,,,,
Wyoming,96962,39583,40.8,0,54370.0,56.1,3,,,,,,
Alabama,275744,35358,12.8,0,238196.0,86.4,11,,,,,,
Arizona,124163,33433,26.9,0,86722.0,69.8,3,,,,,,
Arkansas,179431,32049,17.9,0,146765.0,81.8,9,,,,,,
California,2638882,836431,31.7,0,1766836.0,67.0,22,,,,,,
Colorado,488685,181267,37.1,0,295021.0,60.4,6,,,,,,
Connecticut,690723,278685,40.3,0,382129.0,55.3,8,,,,,,
Delaware,127603,54014,42.3,0,69702.0,54.6,3,,,,,,
Florida,327436,78248,23.9,0,249117.0,76.1,7,,,,,,
Georgia,293170,36943,12.6,0,255363.0,87.1,12,,,,,,
Idaho,199617,66256,33.2,0,125683.0,63.0,4,,,,,,
Illinois,3956522,1570393,39.7,0,2282999.0,57.7,29,,,,,,
Indiana,1650897,691570,41.9,0,934974.0,56.6,14,,,,,,
Iowa,1142737,487977,42.7,0,621756.0,54.4,11,,,,,,
Kansas,865507,397727,46.0,0,464520.0,53.7,9,,,,,,
Kentucky,926214,369702,39.9,0,541944.0,58.5,11,,,,,,
Louisiana,329778,36791,11.2,0,292894.0,88.8,10,,,,,,
Maine,304240,168823,55.5,5,126333.0,41.5,0,,,,,,
Maryland,624896,231435,37.0,0,389612.0,62.3,8,,,,,,
Massachusetts,1840357,768613,41.8,0,942716.0,51.2,17,,,,,,
Michigan,1805098,699733,38.8,0,1016794.0,56.3,19,,,,,,
Minnesota,1129975,350461,31.0,0,698811.0,61.8,11,,,,,,
Mississippi,162142,4467,2.8,0,157333.0,97.0,9,,,,,,
Missouri,1828635,697891,38.2,0,1111043.0,60.8,15,,,,,,
Montana,230502,63598,27.6,0,159690.0,69.3,4,,,,,,
Nebraska,608023,247731,40.7,0,347445.0,57.1,7,,,,,,
Nevada,43848,11923,27.2,0,31925.0,72.8,3,,,,,,
New Hampshire,218114,104642,48.0,0,108460.0,49.7,4,,,,,,
New Jersey,1820437,720322,39.6,0,1083850.0,59.5,16,,,,,,
New Mexico,169135,61727,36.5,0,106037.0,62.7,3,,,,,,
New York,5596398,2180670,39.0,0,3293222.0,58.8,47,,,,,,
North Carolina,839475,223294,26.6,0,616141.0,73.4,13,,,,,,
North Dakota,273716,72751,26.6,0,163148.0,59.6,4,,,,,,
Ohio,3012660,1127855,37.4,0,1747140.0,58.0,26,,,,,,
Oklahoma,749740,245122,32.7,0,501069.0,66.8,11,,,,,,
Oregon,414021,122706,29.6,0,266733.0,64.4,5,,,,,,
Pennsylvania,4138105,1690300,40.8,0,2353788.0,56.9,36,,,,,,
Rhode Island,310278,125031,40.3,0,164338.0,53.0,4,,,,,,
South Carolina,115437,1646,1.4,0,113791.0,98.6,8,,,,,,
South Dakota,296452,125977,42.5,0,160137.0,54.0,4,,,,,,
Tennessee,475533,146516,30.8,0,327083.0,68.8,11,,,,,,
Texas,843482,103874,12.3,0,734485.0,87.1,23,,,,,,
Utah,216679,64555,29.8,0,150248.0,69.3,4,,,,,,
Vermont,143689,81023,56.4,3,62124.0,43.2,0,,,,,,
Virginia,334590,98336,29.4,0,234980.0,70.2,11,,,,,,
Washington,692338,206892,29.9,0,459579.0,66.4,8,,,,,,
West Virginia,829945,325358,39.2,0,502582.0,60.6,8,,,,,,
Wisconsin,1258560,380828,30.3,0,802984.0,63.8,12,,,,,,
Wyoming,103382,38739,37.5,0,62624.0,60.6,3,,,,,,
Alabama,294219,42184,14.3,0,250726.0,85.2,11,,,,,,
Arizona,150039,54030,36.0,0,95267.0,63.5,3,,,,,,
Arkansas,200429,42122,21.0,0,157213.0,78.4,9,,,,,,
California,3268791,1351419,41.3,0,1877618.0,57.4,22,,,,,,
Colorado,549004,279576,50.9,6,265554.0,48.4,0,,,,,,
Connecticut,781502,361819,46.3,0,417621.0,53.4,8,,,,,,
Delaware,136374,61440,45.1,0,74599.0,54.7,3,,,,,,
Florida,485640,126158,26.0,0,359334.0,74.0,7,,,,,,
Georgia,312686,46495,14.9,0,265194.0,84.8,12,,,,,,
Idaho,235168,106553,45.3,0,127842.0,54.4,4,,,,,,
Illinois,4217935,2047240,48.5,0,2149934.0,51.0,29,,,,,,
Indiana,1782747,899466,50.5,14,874063.0,49.0,0,,,,,,
Iowa,1215432,632370,52.0,11,578802.0,47.6,0,,,,,,
Kansas,860297,489169,56.9,9,364725.0,42.4,0,,,,,,
Kentucky,970163,410384,42.3,0,557322.0,57.4,11,,,,,,
Louisiana,372305,52446,14.1,0,319751.0,85.9,10,,,,,,
Maine,320840,163951,51.1,5,156478.0,48.8,0,,,,,,
Maryland,660104,269534,40.8,0,384546.0,58.3,8,,,,,,
Massachusetts,2026993,939700,46.4,0,1076522.0,53.1,17,,,,,,
Michigan,2085929,1039917,49.9,19,1032991.0,49.5,0,,,,,,
Minnesota,1251188,596274,47.7,0,644196.0,51.5,11,,,,,,
Mississippi,175824,7364,4.2,0,168267.0,95.7,9,,,,,,
Missouri,1833729,871009,47.5,0,958476.0,52.3,15,,,,,,
Montana,247873,99579,40.2,0,145698.0,58.8,4,,,,,,
Nebraska,615878,352201,57.2,7,263677.0,42.8,0,,,,,,
Nevada,53174,21229,39.9,0,31945.0,60.1,3,,,,,,
New Hampshire,235419,110127,46.8,0,125292.0,53.2,4,,,,,,
New Jersey,1972552,945475,47.9,0,1016808.0,51.5,16,,,,,,
New Mexico,183258,79315,43.3,0,103699.0,56.6,3,,,,,,
New York,6301596,3027478,48.0,0,3251918.0,51.6,47,,,,,,
North Carolina,822648,213633,26.0,0,609015.0,74.0,13,,,,,,
North Dakota,280775,154590,55.1,4,124036.0,44.2,0,,,,,,
Ohio,3319912,1586773,47.8,0,1733139.0,52.2,26,,,,,,
Oklahoma,826212,348872,42.2,0,474313.0,57.4,11,,,,,,
Oregon,481240,219555,45.6,0,258415.0,53.7,5,,,,,,
Pennsylvania,4078714,1889848,46.3,0,2171035.0,53.2,36,,,,,,
Rhode Island,321152,138654,43.2,0,182181.0,56.7,4,,,,,,
South Carolina,99830,4360,4.4,0,95470.0,95.6,8,,,,,,
South Dakota,308427,177065,57.4,4,131362.0,42.6,0,,,,,,
Tennessee,522823,169153,32.4,0,351601.0,67.3,11,,,,,,
Texas,1041168,199152,19.1,0,840151.0,80.7,23,,,,,,
Utah,247819,93151,37.6,0,154277.0,62.3,4,,,,,,
Vermont,143062,78371,54.8,3,64269.0,44.9,0,,,,,,
Virginia,346608,109363,31.6,0,235961.0,68.1,11,,,,,,
Washington,793833,322123,40.6,0,462145.0,58.2,8,,,,,,
West Virginia,868076,372414,42.9,0,495662.0,57.1,8,,,,,,
Wisconsin,1405522,679206,48.3,0,704821.0,50.1,12,,,,,,
Wyoming,112240,59287,52.8,,,,,,,,,,
Alabama,244743,44540,18.2,0,198918.0,81.3,11,,,,,,
Arizona,137634,56287,40.9,0,80926.0,58.8,4,,,,,,
Arkansas,212954,63551,29.8,0,148965.0,70.0,9,,,,,,
California,3520875,1512965,43.0,0,1988564.0,56.5,25,,,,,,
Colorado,505039,268731,53.2,6,234331.0,46.4,0,,,,,,
Connecticut,831990,390527,46.9,0,435146.0,52.3,8,,,,,,
Delaware,125361,56747,45.3,0,68166.0,54.4,3,,,,,,
Florida,482803,143215,29.7,0,339377.0,70.3,8,,,,,,
Georgia,328129,56506,17.2,0,268187.0,81.7,12,,,,,,
Idaho,208321,100137,48.1,0,107399.0,51.6,4,,,,,,
Illinois,4036061,1939314,48.0,0,2079479.0,51.5,28,,,,,,
Indiana,1672091,875891,52.4,13,781403.0,46.7,0,,,,,,
Iowa,1052599,547267,52.0,10,499876.0,47.5,0,,,,,,
Kansas,733776,442096,60.2,8,287458.0,39.2,0,,,,,,
Kentucky,867924,392448,45.2,0,472589.0,54.5,11,,,,,,
Louisiana,349383,67750,19.4,0,281564.0,80.6,10,,,,,,
Maine,296400,155434,52.4,5,140631.0,47.4,0,,,,,,
Maryland,608439,292949,48.1,0,315490.0,51.9,8,,,,,,
Massachusetts,1960665,921350,47.0,0,1035296.0,52.8,16,,,,,,
Michigan,2205223,1084423,49.2,0,1106899.0,50.2,19,,,,,,
Minnesota,1125504,527416,46.9,0,589864.0,52.4,11,,,,,,
Mississippi,180234,11613,6.4,0,168621.0,93.6,9,,,,,,
Missouri,1571697,761175,48.4,0,807356.0,51.4,15,,,,,,
Montana,207355,93163,44.9,0,112556.0,54.3,4,,,,,,
Nebraska,563126,329880,58.6,6,233246.0,41.4,0,,,,,,
Nevada,54234,24611,45.4,0,29623.0,54.6,3,,,,,,
New Hampshire,229625,109916,47.9,0,119663.0,52.1,4,,,,,,
New Jersey,1963761,961335,49.0,0,987874.0,50.3,16,,,,,,
New Mexico,152225,70688,46.4,0,81389.0,53.5,4,,,,,,
New York,6316790,2987647,47.3,0,3304238.0,52.3,47,,,,,,
North Carolina,790554,263155,33.3,0,527399.0,66.7,14,,,,,,
North Dakota,220182,118535,53.8,4,100144.0,45.5,0,,,,,,
Ohio,3153056,1582293,50.2,25,1570763.0,49.8,0,,,,,,
Oklahoma,722636,319424,44.2,0,401549.0,55.6,10,,,,,,
Oregon,480147,225365,46.9,0,248635.0,51.8,6,,,,,,
Pennsylvania,3794793,1835054,48.4,0,1940479.0,51.1,35,,,,,,
Rhode Island,299276,123487,41.3,0,175356.0,58.6,4,,,,,,
South Carolina,103382,4554,4.4,0,90601.0,87.6,8,,,,,,
South Dakota,232076,135365,58.3,4,96711.0,41.7,0,,,,,,
Tennessee,510692,200311,39.2,0,308707.0,60.4,12,,,,,,
Texas,1150334,191423,16.6,0,821605.0,71.4,23,,,,,,
Utah,248319,97891,39.4,0,150088.0,60.4,4,,,,,,
Vermont,125361,71527,57.1,3,53820.0,42.9,0,,,,,,
Virginia,388485,145243,37.4,0,242276.0,62.4,11,,,,,,
Washington,856328,361689,42.2,0,486774.0,56.8,8,,,,,,
West Virginia,715596,322819,45.1,0,392777.0,54.9,8,,,,,,
Wisconsin,1339152,674532,50.4,12,650413.0,48.6,0,,,,,,
Wyoming,101340,51921,51.2,3,49419.0,48.8,0,,,,,,
Alabama,214980,40930,19.0,171443,0.0,0.0,0,79.7,11.0,,,,
Arizona,177065,77597,43.8,0,95251.0,53.8,4,0.0,0.0,,,,
Arkansas,242475,50959,21.0,0,149659.0,61.7,9,40068.0,16.5,,,,
California,4021538,1895269,47.1,0,1913134.0,47.6,25,1228.0,0.0,,,,
Colorado,515237,239714,46.5,0,267288.0,51.9,6,0.0,0.0,,,,
Connecticut,883518,437754,49.5,8,423297.0,47.9,0,0.0,0.0,,,,
Delaware,139073,69588,50.0,3,67813.0,48.8,0,0.0,0.0,,,,
Florida,577643,194280,33.6,0,281988.0,48.8,8,89755.0,15.5,,,,
Georgia,418844,76691,18.3,0,254646.0,60.8,12,85135.0,20.3,,,,
Idaho,214816,101514,47.3,0,107370.0,50.0,4,0.0,0.0,,,,
Illinois,3984046,1961103,49.2,0,1994715.0,50.1,28,0.0,0.0,,,,
Indiana,1656212,821079,49.6,13,807831.0,48.8,0,0.0,0.0,,,,
Iowa,1038264,494018,47.6,0,522380.0,50.3,10,0.0,0.0,,,,
Kansas,788819,423039,53.6,8,351902.0,44.6,0,0.0,0.0,,,,
Kentucky,822658,341210,41.5,0,466756.0,56.7,11,10411.0,1.3,,,,
Louisiana,416336,72657,17.5,204290,136344.0,32.7,0,49.1,10.0,,,,
Maine,264787,150234,56.7,5,111916.0,42.3,0,0.0,0.0,,,,
Maryland,596748,294814,49.4,8,286521.0,48.0,0,2489.0,0.4,,,,
Massachusetts,2107146,909370,43.2,0,1151788.0,54.7,16,0.0,0.0,,,,
Michigan,2109609,1038595,49.2,19,1003448.0,47.6,0,0.0,0.0,,,,
Minnesota,1212226,483617,39.9,0,692966.0,57.2,11,0.0,0.0,,,,
Mississippi,192190,5043,2.6,167538,19384.0,10.1,0,87.2,9.0,,,,
Missouri,1578628,655039,41.5,0,917315.0,58.1,15,0.0,0.0,,,,
Montana,224278,96770,43.1,0,119071.0,53.1,4,0.0,0.0,,,,
Nebraska,488940,264774,54.2,6,224165.0,45.8,0,0.0,0.0,,,,
Nevada,62117,29357,47.3,0,31291.0,50.4,3,0.0,0.0,,,,
New Hampshire,231440,121299,52.4,4,107995.0,46.7,0,7.0,0.0,,,,
New Jersey,1949555,981124,50.3,16,895455.0,45.9,0,0.0,0.0,,,,
New Mexico,187063,80303,42.9,0,105464.0,56.4,4,0.0,0.0,,,,
New York,6177337,2841163,46.0,47,2780204.0,45.0,0,0.0,0.0,,,,
North Carolina,791209,258572,32.7,0,459070.0,58.0,14,69652.0,8.8,,,,
North Dakota,220716,115139,52.2,4,95812.0,43.4,0,374.0,0.2,,,,
Ohio,2936071,1445684,49.2,0,1452791.0,49.5,25,0.0,0.0,,,,
Oklahoma,721599,268817,37.3,0,452782.0,62.7,10,0.0,0.0,,,,
Oregon,524080,260904,49.8,6,243147.0,46.4,0,0.0,0.0,,,,
Pennsylvania,3735348,1902197,50.9,35,1752426.0,46.9,0,0.0,0.0,,,,
Rhode Island,327702,135787,41.4,0,188736.0,57.6,4,0.0,0.0,,,,
South Carolina,142571,5386,3.8,102607,34423.0,24.1,0,72.0,8.0,,,,
South Dakota,250105,129651,51.8,4,117653.0,47.0,0,0.0,0.0,,,,
Tennessee,550283,202914,36.9,0,270402.0,49.1,11,73815.0,13.4,1.0,,,
Texas,1147245,282240,24.6,0,750700.0,65.4,23,106909.0,9.3,,,,
Utah,276306,124402,45.0,0,149151.0,54.0,4,0.0,0.0,,,,
Vermont,123382,75926,61.5,3,45557.0,36.9,0,0.0,0.0,,,,
Virginia,419256,172070,41.0,0,200786.0,47.9,11,43393.0,10.4,,,,
Washington,905058,386314,42.7,0,476165.0,52.6,8,0.0,0.0,,,,
West Virginia,748750,316251,42.2,0,429188.0,57.3,8,0.0,0.0,,,,
Wisconsin,1276800,590959,46.3,0,647310.0,50.7,12,0.0,0.0,,,,
Wyoming,101425,47947,47.3,0,52354.0,51.6,3,0.0,0.0,,,,
Alabama,426120,149231,35.0,0,275075.0,64.6,11,,,,,,
Arizona,260570,152042,58.3,4,108528.0,41.7,0,,,,,,
Arkansas,404800,177155,43.8,0,226300.0,55.9,8,,,,,,
California,5141849,2897310,56.3,32,2197548.0,42.7,0,,,,,,
Colorado,630103,379782,60.3,6,245504.0,39.0,0,,,,,,
Connecticut,1096911,611012,55.7,8,481649.0,43.9,0,,,,,,
Delaware,174025,90059,51.8,3,83315.0,47.9,0,,,,,,
Florida,989337,544036,55.0,10,444950.0,45.0,0,,,,,,
Georgia,655785,198961,30.3,0,456823.0,69.7,12,,,,,,
Idaho,276254,180707,65.4,4,95081.0,34.4,0,,,,,,
Illinois,4481058,2457327,54.8,27,2013920.0,44.9,0,,,,,,
Indiana,1955049,1136259,58.1,13,801530.0,41.0,0,,,,,,
Iowa,1268773,808906,63.8,10,451513.0,35.6,0,,,,,,
Kansas,896166,616302,68.8,8,273296.0,30.5,0,,,,,,
Kentucky,993148,495029,49.8,0,495729.0,49.9,10,,,,,,
Louisiana,651952,306925,47.1,0,345027.0,52.9,10,,,,,,
Maine,351786,232353,66.0,5,118806.0,33.8,0,,,,,,
Maryland,902074,499424,55.4,9,395337.0,43.8,0,,,,,,
Massachusetts,2383398,1292325,54.2,16,1083525.0,45.5,0,,,,,,
Michigan,2798592,1551529,55.4,20,1230657.0,44.0,0,,,,,,
Minnesota,1379483,763211,55.3,11,608458.0,44.1,0,,,,,,
Mississippi,285532,112966,39.6,0,172566.0,60.4,8,,,,,,
Missouri,1892062,959429,50.7,13,929830.0,49.1,0,,,,,,
Montana,265037,157394,59.4,4,106213.0,40.1,0,,,,,,
Nebraska,609660,421603,69.2,6,188057.0,30.8,0,,,,,,
Nevada,82190,50502,61.4,3,31688.0,38.6,0,,,,,,
New Hampshire,272950,166287,60.9,4,106663.0,39.1,0,,,,,,
New Jersey,2418554,1373613,56.8,16,1015902.0,42.0,0,,,,,,
New Mexico,238608,132170,55.4,4,105661.0,44.3,0,,,,,,
New York,7128239,3952813,55.5,45,3104601.0,43.6,0,,,,,,
North Carolina,1210910,558107,46.1,0,652803.0,53.9,14,,,,,,
North Dakota,270127,191712,71.0,4,76694.0,28.4,0,,,,,,
Ohio,3700758,2100391,56.8,25,1600367.0,43.2,0,,,,,,
Oklahoma,948984,518045,54.6,8,430939.0,45.4,0,,,,,,
Oregon,695059,420815,60.5,6,270579.0,38.9,0,,,,,,
Pennsylvania,4580969,2415789,52.7,32,2146269.0,46.9,0,,,,,,
Rhode Island,414498,210935,50.9,4,203293.0,49.0,0,,,,,,
South Carolina,341087,9793,2.9,0,173004.0,50.7,8,,,,,,
South Dakota,294283,203857,69.3,4,90426.0,30.7,0,,,,,,
Tennessee,892553,446147,50.0,11,443710.0,49.7,0,,,,,,
Texas,2075946,1102878,53.1,24,969228.0,46.7,0,,,,,,
Utah,329554,194190,58.9,4,135364.0,41.1,0,,,,,,
Vermont,153557,109717,71.5,3,43355.0,28.2,0,,,,,,
Virginia,619689,349037,56.3,12,268677.0,43.4,0,,,,,,
Washington,1102708,599107,54.3,9,492845.0,44.7,0,,,,,,
West Virginia,873548,419970,48.1,0,453578.0,51.9,8,,,,,,
Wisconsin,1607370,979744,61.0,12,622175.0,38.7,0,,,,,,
Wyoming,129253,81049,62.7,3,47934.0,37.1,0,,,,,,
Alabama,496861,195694,39.4,0,280844.0,56.5,10*,,,,,,
Arizona,290173,176990,61.0,4,112880.0,38.9,0,,,,,,
Arkansas,406572,186287,45.8,0,213277.0,52.5,8,,,,,,
California,5466355,3027668,55.4,32,2420135.0,44.3,0,,,,,,
Colorado,657074,394479,60.0,6,257997.0,39.3,0,,,,,,
Connecticut,1117121,711837,63.7,8,405079.0,36.3,0,,,,,,
Delaware,177988,98057,55.1,3,79421.0,44.6,0,,,,,,
Florida,1125762,643849,57.2,10,480371.0,42.7,0,,,,,,
Georgia,669655,222778,33.3,0,444688.0,66.4,12,,,,,,
Idaho,272989,166979,61.2,4,105868.0,38.8,0,,,,,,
Illinois,4407407,2623327,59.5,27,1775682.0,40.3,0,,,,,,
Indiana,1974607,1182811,59.9,13,783908.0,39.7,0,,,,,,
Iowa,1234564,729187,59.1,10,501858.0,40.7,0,,,,,,
Kansas,866243,566878,65.4,8,296317.0,34.2,0,,,,,,
Kentucky,1053805,572192,54.3,10,476453.0,45.2,0,,,,,,
Louisiana,617544,329047,53.3,10,243977.0,39.5,0,,,,,,
Maine,351706,249238,70.9,5,102468.0,29.1,0,,,,,,
Maryland,932827,559738,60.0,9,372613.0,39.9,0,,,,,,
Massachusetts,2348506,1393197,59.3,16,948190.0,40.4,0,,,,,,
Michigan,3080468,1713647,55.6,20,1359898.0,44.1,0,,,,,,
Minnesota,1340005,719302,53.7,11,617525.0,46.1,0,,,,,,
Mississippi,248104,60685,24.5,0,144453.0,58.2,8,,,,,,
Missouri,1832562,914289,49.9,0,918273.0,50.1,13,,,,,,
Montana,271171,154933,57.1,4,116238.0,42.9,0,,,,,,
Nebraska,577137,378108,65.5,6,199029.0,34.5,0,,,,,,
Nevada,96689,56049,58.0,3,40640.0,42.0,0,,,,,,
New Hampshire,266994,176519,66.1,4,90364.0,33.8,0,,,,,,
New Jersey,2484312,1606942,64.7,16,850337.0,34.2,0,,,,,,
New Mexico,253926,146788,57.8,4,106098.0,41.8,0,,,,,,
New York,7095971,4345506,61.2,45,2747944.0,38.7,0,,,,,,
North Carolina,1165592,575062,49.3,0,590530.0,50.7,14,,,,,,
North Dakota,253991,156766,61.7,4,96742.0,38.1,0,,,,,,
Ohio,3702265,2262610,61.1,25,1439655.0,38.9,0,,,,,,
Oklahoma,859350,473769,55.1,8,385581.0,44.9,0,,,,,,
Oregon,736132,406393,55.2,6,329204.0,44.7,0,,,,,,
Pennsylvania,4576503,2585252,56.5,32,1981769.0,43.3,0,,,,,,
Rhode Island,387609,225819,58.3,4,161790.0,41.7,0,,,,,,
South Carolina,300583,75700,25.2,0,136372.0,45.4,8,,,,,,
South Dakota,293857,171569,58.4,4,122288.0,41.6,0,,,,,,
Tennessee,939404,462288,49.2,11,456507.0,48.6,0,,,,,,
Texas,1955168,1080619,55.3,24,859958.0,44.0,0,,,,,,
Utah,333995,215631,64.6,4,118364.0,35.4,0,,,,,,
Vermont,152978,110390,72.2,3,42549.0,27.8,0,,,,,,
Virginia,697978,386459,55.4,12,267760.0,38.4,0,,,,,,
Washington,1150889,620430,53.9,9,523002.0,45.4,0,,,,,,
West Virginia,830831,449297,54.1,8,381534.0,45.9,0,,,,,,
Wisconsin,1550558,954844,61.6,12,586768.0,37.8,0,,,,,,
Wyoming,124127,74573,60.1,3,49554.0,39.9,0,,,,,,
Alabama,570225,237981,41.7,0,324050.0,56.8,5*,,,,,,
Alaska,60762,30953,50.9,3,29809.0,49.1,0,,,,,,
Arizona,398491,221241,55.5,4,176781.0,44.4,0,,,,,,
Arkansas,428509,184508,43.1,0,215049.0,50.2,8,,,,,,
California,6506578,3259722,50.1,32,3224099.0,49.6,0,,,,,,
Colorado,736236,402242,54.6,6,330629.0,44.9,0,,,,,,
Connecticut,1222883,565813,46.3,0,657055.0,53.7,8,,,,,,
Delaware,196683,96373,49.0,0,99590.0,50.6,3,,,,,,
Florida,1544176,795476,51.5,10,748700.0,48.5,0,,,,,,
Georgia,733349,274472,37.4,0,458638.0,62.5,12,,,,,,
Hawaii,184705,92295,0.0,92410,50.0,3.0,,,,,,,
Idaho,300450,161597,53.8,4,138853.0,46.2,0,,,,,,
Illinois,4757409,2368988,49.8,0,2377846.0,50.0,27,,,,,,
Indiana,2135360,1175120,55.0,13,952358.0,44.6,0,,,,,,
Iowa,1273810,722381,56.7,10,550565.0,43.2,0,,,,,,
Kansas,928825,561474,60.4,8,363213.0,39.1,0,,,,,,
Kentucky,1124462,602607,53.6,10,521855.0,46.4,0,,,,,,
Louisiana,807891,230980,28.6,0,407339.0,50.4,10,,,,,,
Maine,421767,240608,57.0,5,181159.0,43.0,0,,,,,,
Maryland,1055349,489538,46.4,0,565808.0,53.6,9,,,,,,
Massachusetts,2469480,976750,39.6,0,1487174.0,60.2,16,,,,,,
Michigan,3318097,1620428,48.8,0,1687269.0,50.9,20,,,,,,
Minnesota,1541887,757915,49.2,0,779933.0,50.6,11,,,,,,
Mississippi,298171,73561,24.7,108362,36.3,0.0,,,,,,,
Missouri,1934422,962221,49.7,0,972201.0,50.3,13,,,,,,
Montana,277579,141841,51.1,4,134891.0,48.6,0,,,,,,
Nebraska,613095,380553,62.1,6,232542.0,37.9,0,,,,,,
Nevada,107267,52387,48.8,0,54880.0,51.2,3,,,,,,
New Hampshire,295761,157989,53.4,4,137772.0,46.6,0,,,,,,
New Jersey,2773111,1363324,49.2,0,1385415.0,50.0,16,,,,,,
New Mexico,311107,153733,49.4,0,156027.0,50.2,4,,,,,,
New York,7291079,3446419,47.3,0,3830085.0,52.5,45,,,,,,
North Carolina,1368556,655420,47.9,0,713136.0,52.1,14,,,,,,
North Dakota,278431,154310,55.4,4,123963.0,44.5,0,,,,,,
Ohio,4161859,2217611,53.3,25,1944248.0,46.7,0,,,,,,
Oklahoma,903150,533039,59.0,7*,370111.0,41.0,0,,,,,,
Oregon,776421,408060,52.6,6,367402.0,47.3,0,,,,,,
Pennsylvania,5006541,2439956,48.7,0,2556282.0,51.1,32,,,,,,
Rhode Island,405535,147502,36.4,0,258032.0,63.6,4,,,,,,
South Carolina,386688,188558,48.8,0,198129.0,51.2,8,,,,,,
South Dakota,306487,178417,58.2,4,128070.0,41.8,0,,,,,,
Tennessee,1051792,556577,52.9,11,481453.0,45.8,0,,,,,,
Texas,2311084,1121310,48.5,0,1167567.0,50.5,24,,,,,,
Utah,374709,205361,54.8,4,169248.0,45.2,0,,,,,,
Vermont,167324,98131,58.6,3,69186.0,41.3,0,,,,,,
Virginia,771449,404521,52.4,12,362327.0,47.0,0,,,,,,
Washington,1241572,629273,50.7,9,599298.0,48.3,0,,,,,,
West Virginia,837781,395995,47.3,0,441786.0,52.7,8,,,,,,
Wisconsin,1729082,895175,51.8,12,830805.0,48.0,0,,,,,,
Wyoming,140782,77451,55.0,3,63331.0,45.0,0,,,,,,
Alabama,689818,479085,69.5,10,0.0,0.0,0,,,,,,
Alaska,67259,22930,34.1,0,44329.0,65.9,3,,,,,,
Arizona,480770,242535,50.4,5,237753.0,49.5,0,,,,,,
Arkansas,560426,243264,43.4,0,314197.0,56.1,6,,,,,,
California,7057586,2879108,40.8,0,4171877.0,59.1,40,,,,,,
Colorado,776986,296767,38.2,0,476024.0,61.3,6,,,,,,
Connecticut,1218578,390996,32.1,0,826269.0,67.8,8,,,,,,
Delaware,201320,78078,38.8,0,122704.0,60.9,3,,,,,,
Dist of Col,198597,28801,14.5,0,169796.0,85.5,3,,,,,,
Florida,1854481,905941,48.9,0,948540.0,51.1,14,,,,,,
Georgia,1139335,616584,54.1,12,522556.0,45.9,0,,,,,,
Hawaii,207271,44022,21.2,0,163249.0,78.8,4,,,,,,
Idaho,292477,143557,49.1,0,148920.0,50.9,4,,,,,,
Illinois,4702841,1905946,40.5,0,2796833.0,59.5,26,,,,,,
Indiana,2091606,911118,43.6,0,1170848.0,56.0,13,,,,,,
Iowa,1184539,449148,37.9,0,733030.0,61.9,9,,,,,,
Kansas,857901,386579,45.1,0,464028.0,54.1,7,,,,,,
Kentucky,1046105,372977,35.7,0,669659.0,64.0,9,,,,,,
Louisiana,896293,509225,56.8,10,387068.0,43.2,0,,,,,,
Maine,380965,118701,31.2,0,262264.0,68.8,4,,,,,,
Maryland,1116457,385495,34.5,0,730912.0,65.5,10,,,,,,
Massachusetts,2344798,549727,23.4,0,1786422.0,76.2,14,,,,,,
Michigan,3203102,1060152,33.1,0,2136615.0,66.7,21,,,,,,
Minnesota,1554462,559624,36.0,0,991117.0,63.8,10,,,,,,
Mississippi,409146,356528,87.1,7,52618.0,12.9,0,,,,,,
Missouri,1817879,653535,36.0,0,1164344.0,64.0,12,,,,,,
Montana,278628,113032,40.6,0,164246.0,58.9,4,,,,,,
Nebraska,584154,276847,47.4,0,307307.0,52.6,5,,,,,,
Nevada,135433,56094,41.4,0,79339.0,58.6,3,,,,,,
New Hampshire,288093,104029,36.1,0,184064.0,63.9,4,,,,,,
New Jersey,2847663,964174,33.9,0,1868231.0,65.6,17,,,,,,
New Mexico,328645,132838,40.4,0,194015.0,59.0,4,,,,,,
New York,7166275,2243559,31.3,0,4913102.0,68.6,43,,,,,,
North Carolina,1424983,624844,43.8,0,800139.0,56.2,13,,,,,,
North Dakota,258389,108207,41.9,0,149784.0,58.0,4,,,,,,
Ohio,3969196,1470865,37.1,0,2498331.0,62.9,26,,,,,,
Oklahoma,932499,412665,44.3,0,519834.0,55.7,8,,,,,,
Oregon,786305,282779,36.0,0,501017.0,63.7,6,,,,,,
Pennsylvania,4822690,1673657,34.7,0,3130954.0,64.9,29,,,,,,
Rhode Island,390091,74615,19.1,0,315463.0,80.9,4,,,,,,
South Carolina,524779,309048,58.9,8,215723.0,41.1,0,,,,,,
South Dakota,293118,130108,44.4,0,163010.0,55.6,4,,,,,,
Tennessee,1143946,508965,44.5,0,634947.0,55.5,11,,,,,,
Texas,2626811,958566,36.5,0,1663185.0,63.3,25,,,,,,
Utah,401413,181785,45.3,0,219628.0,54.7,4,,,,,,
Vermont,163089,54942,33.7,0,108127.0,66.3,3,,,,,,
Virginia,1042267,481334,46.2,0,558038.0,53.5,12,,,,,,
Washington,1258556,470366,37.4,0,779881.0,62.0,9,,,,,,
West Virginia,792040,253953,32.1,0,538087.0,67.9,7,,,,,,
Wisconsin,1691815,638495,37.7,0,1050424.0,62.1,12,,,,,,
Wyoming,142716,61998,43.4,0,80718.0,56.6,3,,,,,,
Alabama,1049922,146923,14.0,0,196579.0,18.7,691425,65.9,10.0,,,,
Alaska,83035,37600,45.3,3,35411.0,42.6,0,10024.0,12.1,,,,
Arizona,486936,266721,54.8,5,170514.0,35.0,0,46573.0,9.6,,,,
Arkansas,619969,190759,30.8,0,188228.0,30.4,240982,38.9,6.0,,,,
California,7251587,3467664,47.8,40,3244318.0,44.7,0,487270.0,6.7,,,,
Colorado,811199,409345,50.5,6,335174.0,41.3,0,60813.0,7.5,,,,
Connecticut,1256232,556721,44.3,0,621561.0,49.5,8,76650.0,6.1,,,,
Delaware,214367,96714,45.1,3,89194.0,41.6,0,28459.0,13.3,,,,
Dist of Col,170578,31012,18.2,0,139566.0,81.8,3,0.0,0.0,,,,
Florida,2187805,886804,40.5,14,676794.0,30.9,0,624207.0,28.5,,,,
Georgia,1250266,380111,30.4,0,334440.0,26.7,535550,42.8,12.0,,,,
Hawaii,236218,91425,38.7,0,141324.0,59.8,4,3469.0,1.5,,,,
Idaho,291183,165369,56.8,4,89273.0,30.7,0,36541.0,12.5,,,,
Illinois,4619749,2174774,47.1,26,2039814.0,44.2,0,390958.0,8.5,,,,
Indiana,2123597,1067885,50.3,13,806659.0,38.0,0,243108.0,11.4,,,,
Iowa,1167931,619106,53.0,9,476699.0,40.8,0,66422.0,5.7,,,,
Kansas,872783,478674,54.8,7,302996.0,34.7,0,88921.0,10.2,,,,
Kentucky,1055893,462411,43.8,9,397541.0,37.6,0,193098.0,18.3,,,,
Louisiana,1097450,257535,23.5,0,309615.0,28.2,530300,48.3,10.0,,,,
Maine,392936,169254,43.1,0,217312.0,55.3,4,6370.0,1.6,,,,
Maryland,1235039,517995,41.9,0,538310.0,43.6,10,178734.0,14.5,,,,
Massachusetts,2331752,766844,32.9,0,1469218.0,63.0,14,87088.0,3.7,,,,
Michigan,3306250,1370665,41.5,0,1593082.0,48.2,21,331968.0,10.0,,,,
Minnesota,1588506,658643,41.5,0,857738.0,54.0,10,68931.0,4.3,,,,
Mississippi,654509,88516,13.5,0,150644.0,23.0,415349,63.5,7.0,,,,
Missouri,1809502,811932,44.9,12,791444.0,43.7,0,206126.0,11.4,,,,
Montana,274404,138835,50.6,4,114117.0,41.6,0,20015.0,7.3,,,,
Nebraska,536851,321163,59.8,5,170784.0,31.8,0,44904.0,8.4,,,,
Nevada,154218,73188,47.5,3,60598.0,39.3,0,20432.0,13.2,,,,
New Hampshire,297298,154903,52.1,4,130589.0,43.9,0,11173.0,3.8,,,,
New Jersey,2875395,1325467,46.1,17,1264206.0,44.0,0,262187.0,9.1,,,,
New Mexico,327350,169692,51.8,4,130081.0,39.7,0,25737.0,7.9,,,,
New York,6791688,3007932,44.3,0,3378470.0,49.7,43,358864.0,5.3,,,,
North Carolina,1587493,627192,39.5,12,464113.0,29.2,0,496188.0,31.3,1.0,,,
North Dakota,247882,138669,55.9,4,94769.0,38.2,0,14244.0,5.7,,,,
Ohio,3959698,1791014,45.2,26,1700586.0,42.9,0,467495.0,11.8,,,,
Oklahoma,943086,449697,47.7,8,301658.0,32.0,0,191731.0,20.3,,,,
Oregon,819622,408433,49.8,6,358866.0,43.8,0,49683.0,6.1,,,,
Pennsylvania,4747928,2090017,44.0,0,2259405.0,47.6,29,378582.0,8.0,,,,
Rhode Island,385000,122359,31.8,0,246518.0,64.0,4,15678.0,4.1,,,,
South Carolina,666978,254062,38.1,8,197486.0,29.6,0,215430.0,32.3,,,,
South Dakota,281264,149841,53.3,4,118023.0,42.0,0,13400.0,4.8,,,,
Tennessee,1248617,472592,37.8,11,351233.0,28.1,0,424792.0,34.0,,,,
Texas,3079216,1227844,39.9,0,1266804.0,41.1,25,584269.0,19.0,,,,
Utah,422568,238728,56.5,4,156665.0,31.1,0,26906.0,6.4,,,,
Vermont,161404,85142,52.8,3,70255.0,43.5,0,5104.0,3.2,,,,
Virginia,1361491,590319,43.4,12,442387.0,32.5,0,321833.0,23.6,,,,
Washington,1304281,588510,45.1,0,616037.0,47.2,9,96990.0,7.4,,,,
West Virginia,754206,307555,40.8,0,374091.0,49.6,7,72560.0,9.6,,,,
Wisconsin,1691538,809997,47.9,12,748804.0,44.3,0,127835.0,7.6,,,,
Wyoming,127205,70927,55.8,3,45173.0,35.5,0,11105.0,8.7,,,,
Alabama,1006111,728701,72.4,9,256923.0,25.5,0,,,,,,
Alaska,95219,55349,58.1,3,32967.0,34.6,0,,,,,,
Arizona,622926,402812,64.7,6,198540.0,31.9,0,,,,,,
Arkansas,651320,448541,68.9,6,199892.0,30.7,0,,,,,,
California,8367862,4602096,55.0,45,3475847.0,41.5,0,,,,,,
Colorado,953884,597189,62.6,7,329980.0,34.6,0,,,,,,
Connecticut,1384277,810763,58.6,8,555498.0,40.1,0,,,,,,
Delaware,235516,140357,59.6,3,92283.0,39.2,0,,,,,,
Dist of Col,163421,35226,21.6,0,127627.0,78.1,3,,,,,,
Florida,2583283,1857759,71.9,17,718117.0,27.8,0,,,,,,
Georgia,1174772,881496,75.0,12,289529.0,24.6,0,,,,,,
Hawaii,270274,168865,62.5,4,101409.0,37.5,0,,,,,,
Idaho,310379,199384,64.2,4,80826.0,26.0,0,,,,,,
Illinois,4723236,2788179,59.0,26,1913472.0,40.5,0,,,,,,
Indiana,2125529,1405154,66.1,13,708568.0,33.3,0,,,,,,
Iowa,1225944,706207,57.6,8,496206.0,40.5,0,,,,,,
Kansas,916095,619812,67.7,7,270287.0,29.5,0,,,,,,
Kentucky,1067499,676446,63.4,9,371159.0,34.8,0,,,,,,
Louisiana,1051491,686852,65.3,10,298142.0,28.4,0,,,,,,
Maine,417042,256458,61.5,4,160584.0,38.5,0,,,,,,
Maryland,1353812,829305,61.3,10,505781.0,37.4,0,,,,,,
Massachusetts,2458756,1112078,45.2,0,1332540.0,54.2,14,,,,,,
Michigan,3489727,1961721,56.2,21,1459435.0,41.8,0,,,,,,
Minnesota,1741652,898269,51.6,10,802346.0,46.1,0,,,,,,
Mississippi,645963,505125,78.2,7,126782.0,19.6,0,,,,,,
Missouri,1855803,1153852,62.2,12,697147.0,37.6,0,,,,,,
Montana,317603,183976,57.9,4,120197.0,37.8,0,,,,,,
Nebraska,576289,406298,70.5,5,169991.0,29.5,0,,,,,,
Nevada,181766,115750,63.7,3,66016.0,36.3,0,,,,,,
New Hampshire,334055,213724,64.0,4,116435.0,34.9,0,,,,,,
New Jersey,2997229,1845502,61.6,17,1102211.0,36.8,0,,,,,,
New Mexico,386241,235606,61.0,4,141084.0,36.5,0,,,,,,
New York,7165919,4192778,58.5,41,2951084.0,41.2,0,,,,,,
North Carolina,1518612,1054889,69.5,13,438705.0,28.9,0,,,,,,
North Dakota,280514,174109,62.1,3,100384.0,35.8,0,,,,,,
Ohio,4094787,2441827,59.6,25,1558889.0,38.1,0,,,,,,
Oklahoma,1029900,759025,73.7,8,247147.0,24.0,0,,,,,,
Oregon,927946,486686,52.4,6,392760.0,42.3,0,,,,,,
Pennsylvania,4592106,2714521,59.1,27,1796951.0,39.1,0,,,,,,
Rhode Island,415808,220383,53.0,4,194645.0,46.8,0,,,,,,
South Carolina,673960,477044,70.8,8,186824.0,27.7,0,,,,,,
South Dakota,307415,166476,54.2,4,139945.0,45.5,0,,,,,,
Tennessee,1201182,813147,67.7,10,357293.0,29.7,0,,,,,,
Texas,3471281,2298896,66.2,26,1154289.0,33.3,0,,,,,,
Utah,478476,323643,67.6,4,126284.0,26.4,0,,,,,,
Vermont,186947,117149,62.7,3,68174.0,36.5,0,,,,,,
Virginia,1457019,988493,67.8,11*,438887.0,30.1,0,,,,,,
Washington,1470847,837135,56.9,9,568334.0,38.6,0,,,,,,
West Virginia,762399,484964,63.6,6,277435.0,36.4,0,,,,,,
Wisconsin,1852890,989430,53.4,11,810174.0,43.7,0,,,,,,
Wyoming,145570,100464,69.0,3,44358.0,30.5,0,,,,,,
Alabama,1341929,654192,48.8,9,636730.0,47.4,0,16481.0,1.2,,,,
Alaska,158445,86112,54.3,3,41842.0,26.4,0,11155.0,7.0,,,,
Arizona,873945,529688,60.6,6,246843.0,28.2,0,76952.0,8.8,,,,
Arkansas,837582,403164,48.1,6,398041.0,47.5,0,22468.0,2.7,,,,
California,8587063,4524858,52.7,45,3083661.0,35.9,0,739833.0,8.6,,,,
Colorado,1184415,652264,55.1,7,367973.0,31.1,0,130633.0,11.0,,,,
Connecticut,1406285,677210,48.2,8,541732.0,38.5,0,171807.0,12.2,,,,
Delaware,235900,111252,47.2,3,105754.0,44.8,0,16288.0,6.9,,,,
Dist of Col,175237,23545,13.4,0,131113.0,74.8,3,16337.0,9.3,,,,
Florida,3686930,2046951,55.5,17,1419475.0,38.5,0,189692.0,5.1,,,,
Georgia,1596695,654168,41.0,0,890733.0,55.8,12,36055.0,2.3,,,,
Hawaii,303287,130112,42.9,0,135879.0,44.8,4,32021.0,10.6,,,,
Idaho,437431,290699,66.5,4,110192.0,25.2,0,27058.0,6.2,,,,
Illinois,4749721,2358049,49.6,26,1981413.0,41.7,0,346754.0,7.3,,,,
Indiana,2242033,1255656,56.0,13,844197.0,37.7,0,111639.0,5.0,,,,
Iowa,1317661,676026,51.3,8,508672.0,38.6,0,115633.0,8.8,,,,
Kansas,979795,566812,57.9,7,326150.0,33.3,0,68231.0,7.0,,,,
Kentucky,1294627,635274,49.1,9,616417.0,47.6,0,31127.0,2.4,,,,
Louisiana,1548591,792853,51.2,10,708453.0,45.7,0,26345.0,1.7,,,,
Maine,523011,238522,45.6,4,220974.0,42.3,0,53327.0,10.2,,,,
Maryland,1540496,680606,44.2,0,726161.0,47.1,10,119537.0,7.8,,,,
Massachusetts,2522890,1057631,41.9,14,1053802.0,41.7,0,382539.0,15.2,,,,
Michigan,3909725,1915225,49.0,21,1661532.0,42.5,0,275223.0,7.0,,,,
Minnesota,2051980,873268,42.6,0,954174.0,46.5,10,174990.0,8.5,,,,
Mississippi,892620,441089,49.4,7,429281.0,48.1,0,12036.0,1.3,,,,
Missouri,2099824,1074181,51.2,12,931182.0,44.3,0,77920.0,3.7,,,,
Montana,363952,206814,56.8,4,118032.0,32.4,0,29281.0,8.0,,,,
Nebraska,640854,419937,65.5,5,166851.0,26.0,0,44993.0,7.0,,,,
Nevada,247885,155017,62.5,3,66666.0,26.9,0,17651.0,7.1,,,,
New Hampshire,383990,221705,57.7,4,108864.0,28.4,0,49693.0,12.9,,,,
New Jersey,2975684,1546557,52.0,17,1147364.0,38.6,0,234632.0,7.9,,,,
New Mexico,456971,250779,54.9,4,167826.0,36.7,0,29459.0,6.4,,,,
New York,6201959,2893831,46.7,41,2728372.0,44.0,0,467801.0,7.5,,,,
North Carolina,1855833,915018,49.3,13,875635.0,47.2,0,52800.0,2.8,,,,
North Dakota,301545,193695,64.2,3,79189.0,26.3,0,23640.0,7.8,,,,
Ohio,4283603,2206545,51.5,25,1752414.0,40.9,0,254472.0,5.9,,,,
Oklahoma,1149708,695570,60.5,8,402026.0,35.0,0,38284.0,3.3,,,,
Oregon,1181516,571044,48.3,6,456890.0,38.7,0,112389.0,9.5,,,,
Pennsylvania,4561501,2261872,49.6,27,1937540.0,42.5,0,292921.0,6.4,,,,
Rhode Island,416072,154793,37.2,0,198342.0,47.7,4,59819.0,14.4,,,,
South Carolina,894071,441841,49.4,8,430385.0,48.1,0,14153.0,1.6,,,,
South Dakota,327703,198343,60.5,4,103855.0,31.7,0,21431.0,6.5,,,,
Tennessee,1617616,787761,48.7,10,783051.0,48.4,0,35991.0,2.2,,,,
Texas,4541636,2510705,55.3,26,1881147.0,41.4,0,111613.0,2.5,,,,
Utah,604222,439687,72.8,4,124266.0,20.6,0,30284.0,5.0,,,,
Vermont,213299,94628,44.4,3,81952.0,38.4,0,31761.0,14.9,,,,
Virginia,1866032,989609,53.0,12,752174.0,40.3,0,95418.0,5.1,,,,
Washington,1742394,865244,49.7,9,650193.0,37.3,0,185073.0,10.6,,,,
West Virginia,737715,334206,45.3,0,367462.0,49.8,6,31691.0,4.3,,,,
Wisconsin,2273221,1088845,47.9,11,981584.0,43.2,0,160657.0,7.1,,,,
Wyoming,176713,110700,62.6,3,49427.0,28.0,0,12072.0,6.8,,,,
Alabama,1441713,872849,60.5,9,551899.0,38.3,0,,,,,,
Alaska,207605,138377,66.7,3,62007.0,29.9,0,,,,,,
Arizona,1025897,681416,66.4,7,333854.0,32.5,0,,,,,,
Arkansas,884406,534774,60.5,6,338646.0,38.3,0,,,,,,
California,9505423,5467009,57.5,47,3922519.0,41.3,0,,,,,,
Colorado,1295380,821817,63.4,8,454975.0,35.1,0,,,,,,
Connecticut,1466900,890877,60.7,8,569597.0,38.8,0,,,,,,
Delaware,254572,152190,59.8,3,101656.0,39.9,0,,,,,,
Dist of Col,211288,29009,13.7,0,180408.0,85.4,3,,,,,,
Florida,4180051,2730350,65.3,21,1448816.0,34.7,0,,,,,,
Georgia,1776120,1068722,60.2,12,706628.0,39.8,0,,,,,,
Hawaii,335846,185050,55.1,4,147154.0,43.8,0,,,,,,
Idaho,411144,297523,72.4,4,108510.0,26.4,0,,,,,,
Illinois,4819088,2707103,56.2,24,2086499.0,43.3,0,,,,,,
Indiana,2233069,1377230,61.7,12,841481.0,37.7,0,,,,,,
Iowa,1319805,703088,53.3,8,605620.0,45.9,0,,,,,,
Kansas,1021991,677296,66.3,7,333149.0,32.6,0,,,,,,
Kentucky,1369345,821702,60.0,9,539539.0,39.4,0,,,,,,
Louisiana,1706822,1037299,60.8,10,651586.0,38.2,0,,,,,,
Maine,553144,336500,60.8,4,214515.0,38.8,0,,,,,,
Maryland,1675873,879918,52.5,10,787935.0,47.0,0,,,,,,
Massachusetts,2559453,1310936,51.2,13,1239606.0,48.4,0,,,,,,
Michigan,3801658,2251571,59.2,20,1529638.0,40.2,0,,,,,,
Minnesota,2084449,1032603,49.5,0,1036364.0,49.7,10,,,,,,
Mississippi,941104,582377,61.9,7,352192.0,37.4,0,,,,,,
Missouri,2122783,1274188,60.0,11,848583.0,40.0,0,,,,,,
Montana,384377,232450,60.5,4,146742.0,38.2,0,,,,,,
Nebraska,652090,460054,70.6,5,187866.0,28.8,0,,,,,,
Nevada,286667,188770,65.8,4,91655.0,32.0,0,,,,,,
New Hampshire,389066,267051,68.6,4,120395.0,30.9,0,,,,,,
New Jersey,3217862,1933630,60.1,16,1261323.0,39.2,0,,,,,,
New Mexico,514370,307101,59.7,5,201769.0,39.2,0,,,,,,
New York,6806810,3664763,53.8,36,3119609.0,45.8,0,,,,,,
North Carolina,2175361,1346481,61.9,13,824287.0,37.9,0,,,,,,
North Dakota,308971,200336,64.8,3,104429.0,33.8,0,,,,,,
Ohio,4547619,2678560,58.9,23,1825440.0,40.1,0,,,,,,
Oklahoma,1255676,861530,68.6,8,385080.0,30.7,0,,,,,,
Oregon,1226527,685700,55.9,7,536479.0,43.7,0,,,,,,
Pennsylvania,4844903,2584323,53.3,25,2228131.0,46.0,0,,,,,,
Rhode Island,410492,212080,51.7,4,197106.0,48.0,0,,,,,,
South Carolina,968529,615539,63.6,8,344459.0,35.6,0,,,,,,
South Dakota,317867,200267,63.0,3,116113.0,36.5,0,,,,,,
Tennessee,1711994,990212,57.8,11,711714.0,41.6,0,,,,,,
Texas,5397571,3433428,63.6,29,1949276.0,36.1,0,,,,,,
Utah,629656,469105,74.5,5,155369.0,24.7,0,,,,,,
Vermont,234561,135865,57.9,3,95730.0,40.8,0,,,,,,
Virginia,2146635,1337078,62.3,12,796250.0,37.1,0,,,,,,
Washington,1883910,1051670,55.8,10,807352.0,42.9,0,,,,,,
West Virginia,735742,405483,55.1,6,328125.0,44.6,0,,,,,,
Wisconsin,2211689,1198584,54.2,11,995740.0,45.0,0,,,,,,
Wyoming,188968,133241,70.5,3,53370.0,28.2,0,,,,,,
Alabama,1378476,815576,59.2,9,549506.0,39.9,0,,,,,,
Alaska,200116,119251,59.6,3,72584.0,36.3,0,,,,,,
Arizona,1171873,702541,60.0,7,454029.0,38.7,0,,,,,,
Arkansas,827738,466578,56.4,6,349237.0,42.2,0,,,,,,
California,9887065,5054917,51.1,47,4702233.0,47.6,0,,,,,,
Colorado,1372394,728177,53.1,8,621453.0,45.3,0,,,,,,
Connecticut,1443394,750241,52.0,8,676584.0,46.9,0,,,,,,
Delaware,249891,139639,55.9,3,108647.0,43.5,0,,,,,,
Dist of Col,192877,27590,14.3,0,159407.0,82.6,3,,,,,,
Florida,4302313,2618885,60.9,21,1656701.0,38.5,0,,,,,,
Georgia,1809672,1081331,59.8,12,714792.0,39.5,0,,,,,,
Hawaii,354461,158625,44.8,0,192364.0,54.3,4,,,,,,
Idaho,408968,253881,62.1,4,147272.0,36.0,0,,,,,,
Illinois,4559120,2310939,50.7,24,2215940.0,48.6,0,,,,,,
Indiana,2168621,1297763,59.8,12,860643.0,39.7,0,,,,,,
Iowa,1225614,545355,44.5,0,670557.0,54.7,8,,,,,,
Kansas,993044,554049,55.8,7,422636.0,42.6,0,,,,,,
Kentucky,1322517,734281,55.5,9,580368.0,43.9,0,,,,,,
Louisiana,1628202,883702,54.3,10,717460.0,44.1,0,,,,,,
Maine,555035,307131,55.3,4,243569.0,43.9,0,,,,,,
Maryland,1714358,876167,51.1,10,826304.0,48.2,0,,,,,,
Massachusetts,2632805,1194635,45.4,0,1401415.0,53.2,13,,,,,,
Michigan,3669163,1965486,53.6,20,1675783.0,45.7,0,,,,,,
Minnesota,2096790,962337,45.9,0,1109471.0,52.9,10,,,,,,
Mississippi,931527,557890,59.9,7,363921.0,39.1,0,,,,,,
Missouri,2093713,1084953,51.8,11,1001619.0,47.8,0,,,,,,
Montana,365674,190412,52.1,4,168936.0,46.2,0,,,,,,
Nebraska,661465,397956,60.2,5,259235.0,39.2,0,,,,,,
Nevada,350067,206040,58.9,4,132738.0,37.9,0,,,,,,
New Hampshire,451074,281537,62.4,4,163696.0,36.3,0,,,,,,
New Jersey,3099553,1743192,56.2,16,1320352.0,42.6,0,,,,,,
New Mexico,521287,270341,51.9,5,244497.0,46.9,0,,,,,,
New York,6485683,3081871,47.5,0,3347882.0,51.6,36,,,,,,
North Carolina,2134370,1237258,58.0,13,890167.0,41.7,0,,,,,,
North Dakota,297261,166559,56.0,3,127739.0,43.0,0,,,,,,
Ohio,4393699,2416549,55.0,23,1939629.0,44.1,0,,,,,,
Oklahoma,1171036,678367,57.9,8,483423.0,41.3,0,,,,,,
Oregon,1201694,560126,46.6,0,616206.0,51.3,7,,,,,,
Pennsylvania,4536251,2300087,50.7,25,2194944.0,48.4,0,,,,,,
Rhode Island,404620,177761,43.9,0,225123.0,55.6,4,,,,,,
South Carolina,986009,606443,61.5,8,370554.0,37.6,0,,,,,,
South Dakota,312991,165415,52.8,3,145560.0,46.5,0,,,,,,
Tennessee,1636250,947233,57.9,11,679794.0,41.5,0,,,,,,
Texas,5427410,3036829,56.0,29,2352748.0,43.3,0,,,,,,
Utah,647008,428442,66.2,5,207343.0,32.0,0,,,,,,
Vermont,243328,124331,51.1,3,115775.0,47.6,0,,,,,,
Virginia,2191609,1309162,59.7,12,859799.0,39.2,0,,,,,,
Washington,1865253,903835,48.5,0,933516.0,50.0,10,,,,,,
West Virginia,653311,310065,47.5,0,341016.0,52.2,5*,,,,,,
Wisconsin,2191608,1047499,47.8,0,1126794.0,51.4,11,,,,,,
Wyoming,176551,106867,60.5,3,67113.0,38.0,0,,,,,,
Alabama,1688060,804283,47.6,9,690080.0,40.9,0,183109.0,10.8,,,,
Alaska,258506,102000,39.5,3,78294.0,30.3,0,73481.0,28.4,,,,
Arizona,1486975,572086,38.5,8,543050.0,36.5,0,353741.0,23.8,,,,
Arkansas,950653,337324,35.5,0,505823.0,53.2,6,99132.0,10.4,,,,
California,11131721,3630574,32.6,0,5121325.0,46.0,54,2296006.0,20.6,,,,
Colorado,1569180,562850,35.9,0,629681.0,40.1,8,366010.0,23.3,,,,
Connecticut,1616332,578313,35.8,0,682318.0,42.2,8,348771.0,21.6,,,,
Delaware,289735,102313,35.3,0,126054.0,43.5,3,59213.0,20.4,,,,
Dist of Col,227572,20698,9.1,0,192619.0,84.6,3,9681.0,4.3,,,,
Florida,5314392,2173310,40.9,25,2072698.0,39.0,0,1053067.0,19.8,,,,
Georgia,2321125,995252,42.9,0,1008966.0,43.5,13,309657.0,13.3,,,,
Hawaii,372842,136822,36.7,0,179310.0,48.1,4,53003.0,14.2,,,,
Idaho,482142,202645,42.0,4,137013.0,28.4,0,130395.0,27.0,,,,
Illinois,5050157,1734096,34.3,0,2453350.0,48.6,22,840515.0,16.6,,,,
Indiana,2305871,989375,42.9,12,848420.0,36.8,0,455934.0,19.8,,,,
Iowa,1354607,504891,37.3,0,586353.0,43.3,7,253468.0,18.7,,,,
Kansas,1157335,449951,38.9,6,390434.0,33.7,0,312358.0,27.0,,,,
Kentucky,1492900,617178,41.3,0,665104.0,44.6,8,203944.0,13.7,,,,
Louisiana,1790017,733386,41.0,0,815971.0,45.6,9,211478.0,11.8,,,,
Maine,679499,206504,30.4,0,263420.0,38.8,4,206820.0,,,,,
Maryland,1985046,707094,35.6,0,988571.0,49.8,10,281414.0,14.2,,,,
Massachusetts,2773700,805049,29.0,0,1318662.0,47.5,12,630731.0,22.7,,,,
Michigan,4274673,1554940,36.4,0,1871182.0,43.8,18,824813.0,19.3,,,,
Minnesota,2347948,747841,31.9,0,1020997.0,43.5,10,562506.0,24.0,,,,
Mississippi,981793,487793,49.7,7,400258.0,40.8,0,85626.0,8.7,,,,
Missouri,2391565,811159,33.9,0,1053873.0,44.1,11,518741.0,21.7,,,,
Montana,410611,144207,35.1,0,154507.0,37.6,3,107225.0,26.1,,,,
Nebraska,737546,343678,46.6,5,216864.0,29.4,0,174104.0,23.6,,,,
Nevada,506318,175828,34.7,0,189148.0,37.4,4,132580.0,26.2,,,,
New Hampshire,537943,202484,37.6,0,209040.0,38.9,4,121337.0,22.6,,,,
New Jersey,3343594,1356865,40.6,0,1436206.0,43.0,15,521829.0,15.6,,,,
New Mexico,569986,212824,37.3,0,261617.0,45.9,5,91895.0,16.1,,,,
New York,6926925,2346649,33.9,0,3444450.0,49.7,33,1090721.0,15.7,,,,
North Carolina,2611850,1134661,43.4,14,1114042.0,42.7,0,357864.0,13.7,,,,
North Dakota,308133,136244,44.2,3,99168.0,32.2,0,71084.0,23.1,,,,
Ohio,4939967,1894310,38.3,0,1984942.0,40.2,21,1036426.0,21.0,,,,
Oklahoma,1390359,592929,42.6,8,473066.0,34.0,0,319878.0,23.0,,,,
Oregon,1462643,475757,32.5,0,621314.0,42.5,7,354091.0,24.2,,,,
Pennsylvania,4959810,1791841,36.1,0,2239164.0,45.1,23,902667.0,18.2,,,,
Rhode Island,453477,131601,29.0,0,213299.0,47.0,4,105045.0,23.2,,,,
South Carolina,1202527,577507,48.0,8,479514.0,39.9,0,138872.0,11.5,,,,
South Dakota,336254,136718,40.7,3,124888.0,37.1,0,73295.0,21.8,,,,
Tennessee,1982638,841300,42.4,0,933521.0,47.1,11,199968.0,10.1,,,,
Texas,6154018,2496071,40.6,32,2281815.0,37.1,0,1354781.0,22.0,,,,
Utah,743999,322632,43.4,5,183429.0,24.7,0,203400.0,27.3,,,,
Vermont,289701,88122,30.4,0,133592.0,46.1,3,65991.0,22.8,,,,
Virginia,2558665,1150517,45.0,13,1038650.0,40.6,0,348639.0,13.6,,,,
Washington,2288230,731234,32.0,0,993037.0,43.4,11,541780.0,23.7,,,,
West Virginia,683762,241974,35.4,0,331001.0,48.4,5,108829.0,15.9,,,,
Wisconsin,2531114,930855,36.8,0,1041066.0,41.1,11,544479.0,21.5,,,,
Wyoming,200598,79347,39.6,3,68160.0,34.0,0,51263.0,25.6,,,,
Alabama,1534349,769044,50.1,9,662165.0,43.2,0,92149.0,6.0,,,,
Alaska,241620,122746,50.8,3,80380.0,33.3,0,26333.0,10.9,,,,
Arizona,1404405,622073,44.3,0,653288.0,46.5,8,112072.0,8.0,,,,
Arkansas,884262,325416,36.8,0,475171.0,53.7,6,69884.0,7.9,,,,
California,10019484,3828380,38.2,0,5119835.0,51.1,54,697847.0,7.0,,,,
Colorado,1510704,691848,45.8,8,671152.0,44.4,0,99629.0,6.6,,,,
Connecticut,1392614,483109,34.7,0,735740.0,52.8,8,139523.0,10.0,,,,
Delaware,270845,99062,36.6,0,140355.0,51.8,3,28719.0,10.6,,,,
Dist of Col,185726,17339,9.3,0,158220.0,85.2,3,3611.0,1.9,,,,
Florida,5303794,2244536,42.3,0,2546870.0,48.0,25,483870.0,9.1,,,,
Georgia,2299071,1080843,47.0,13,1053849.0,45.8,0,146337.0,6.4,,,,
Hawaii,360120,113943,31.6,0,205012.0,56.9,4,27358.0,7.6,,,,
Idaho,491719,256595,52.2,4,165443.0,33.6,0,62518.0,12.7,,,,
Illinois,4311391,1587021,36.8,0,2341744.0,54.3,22,346408.0,8.0,,,,
Indiana,2135431,1006693,47.1,12,887424.0,41.6,0,224299.0,10.5,,,,
Iowa,1234075,492644,39.9,0,620258.0,50.3,7,105159.0,8.5,,,,
Kansas,1074300,583245,54.3,6,387659.0,36.1,0,92639.0,8.6,,,,
Kentucky,1388708,623283,44.9,0,636614.0,45.8,8,120396.0,8.7,,,,
Louisiana,1783959,712586,39.9,0,927837.0,52.0,9,123293.0,6.9,,,,
Maine,605897,186378,30.8,0,312788.0,51.6,4,85970.0,14.2,,,,
Maryland,1780870,681530,38.3,0,966207.0,54.3,10,115812.0,6.5,,,,
Massachusetts,2556786,718107,28.1,0,1571763.0,61.5,12,227217.0,8.9,,,,
Michigan,3848844,1481212,38.5,0,1989653.0,51.7,18,336670.0,8.7,,,,
Minnesota,2192640,766476,35.0,0,1120438.0,51.1,10,257704.0,11.8,,,,
Mississippi,893857,439838,49.2,7,394022.0,44.1,0,52222.0,5.8,,,,
Missouri,2158065,890016,41.2,0,1025935.0,47.5,11,217188.0,10.1,,,,
Montana,407261,179652,44.1,3,167922.0,41.3,0,55229.0,13.6,,,,
Nebraska,677415,363467,53.7,5,236761.0,35.0,0,71278.0,10.5,,,,
Nevada,464279,199244,42.9,0,203974.0,43.9,4,43986.0,9.5,,,,
New Hampshire,499175,196532,39.4,0,246214.0,49.3,4,48390.0,9.7,,,,
New Jersey,3075807,1103078,35.9,0,1652329.0,53.7,15,262134.0,8.5,,,,
New Mexico,556074,232751,41.9,0,273495.0,49.2,5,32257.0,5.8,,,,
New York,6316129,1933492,30.6,0,3756177.0,59.5,33,503458.0,8.0,,,,
North Carolina,2515807,1225938,48.7,14,1107849.0,44.0,0,168059.0,6.7,,,,
North Dakota,266411,125050,46.9,3,106905.0,40.1,0,32515.0,12.2,,,,
Ohio,4534434,1859883,41.0,0,2148222.0,47.4,21,483207.0,10.7,,,,
Oklahoma,1206713,582315,48.3,8,488105.0,40.4,0,130788.0,10.8,,,,
Oregon,1377760,538152,39.1,0,649641.0,47.2,7,121221.0,8.8,,,,
Pennsylvania,4506118,1801169,40.0,0,2215819.0,49.2,23,430984.0,9.6,,,,
Rhode Island,390284,104683,26.8,0,233050.0,59.7,4,43723.0,11.2,,,,
South Carolina,1151689,573458,49.8,8,506283.0,44.0,0,64386.0,5.6,,,,
South Dakota,323826,150543,46.5,3,139333.0,43.0,0,31250.0,9.7,,,,
Tennessee,1894105,863530,45.6,0,909146.0,48.0,11,105918.0,5.6,,,,
Texas,5611644,2736167,48.8,32,2459683.0,43.8,0,378537.0,6.7,,,,
Utah,665629,361911,54.4,5,221633.0,33.3,0,66461.0,10.0,,,,
Vermont,258449,80352,31.1,0,137894.0,53.4,3,31024.0,12.0,,,,
Virginia,2416642,1138350,47.1,13,1091060.0,45.1,0,159861.0,6.6,,,,
Washington,2253837,840712,37.3,0,1123323.0,49.8,11,201003.0,8.9,,,,
West Virginia,636459,233946,36.8,0,327812.0,51.5,5,71639.0,11.3,,,,
Wisconsin,2196169,845029,38.5,0,1071971.0,48.8,11,227339.0,10.4,,,,
Wyoming,211571,105388,49.8,3,77934.0,36.8,0,25928.0,12.3,,,,
Alabama,1666272,941173,56.5,9,692611.0,41.6,0,18323.0,1.1,,,,
Alaska,285560,167398,58.6,3,79004.0,27.7,0,28747.0,10.1,,,,
Arizona,1532016,781652,51.0,8,685341.0,44.7,0,45645.0,3.0,,,,
Arkansas,921781,472940,51.3,6,422768.0,45.9,0,13421.0,1.5,,,,
California,10965856,4567429,41.7,0,5861203.0,53.4,54,418707.0,3.8,,,,
Colorado,1741368,883748,50.8,8,738227.0,42.4,0,91434.0,5.3,,,,
Connecticut,1459525,561094,38.4,0,816015.0,55.9,8,64452.0,4.4,,,,
Delaware,327622,137288,41.9,0,180068.0,55.0,3,8307.0,2.5,,,,
Dist of Col,201894,18073,9.0,0,171923.0,85.2,2*,10576.0,5.2,,,,
Florida,5963110,2912790,48.8,25,2912253.0,0.0,97488,1.6,,,,,
Georgia,2596645,1419720,54.7,13,1116230.0,43.0,0,13273.0,0.5,,,,
Hawaii,367951,137845,37.5,0,205286.0,55.8,4,21623.0,5.9,,,,
Idaho,501621,336937,67.2,4,138637.0,27.6,0,12292.0,2.5,,,,
Illinois,4742123,2019421,42.6,0,2589026.0,54.6,22,103759.0,2.2,,,,
Indiana,2199302,1245836,56.6,12,901980.0,41.0,0,18531.0,0.8,,,,
Iowa,1315563,634373,48.2,0,638517.0,48.5,7,29374.0,2.2,,,,
Kansas,1072218,622332,58.0,6,399276.0,37.2,0,36086.0,3.4,,,,
Kentucky,1544187,872492,56.5,8,638898.0,41.4,0,23192.0,1.5,,,,
Louisiana,1765656,927871,52.6,9,792344.0,44.9,0,20473.0,1.2,,,,
Maine,651817,286616,44.0,0,319951.0,49.1,4,37127.0,5.7,,,,
Maryland,2020480,813797,40.3,0,1140782.0,56.5,10,53768.0,2.7,,,,
Massachusetts,2702984,878502,32.5,0,1616487.0,59.8,12,173564.0,6.4,,,,
Michigan,4232711,1953139,46.1,0,2170418.0,51.3,18,84165.0,2.0,,,,
Minnesota,2438685,1109659,45.5,0,1168266.0,47.9,10,126696.0,5.2,,,,
Mississippi,994184,572844,57.6,7,404614.0,40.7,0,8122.0,0.8,,,,
Missouri,2359892,1189924,50.4,11,1111138.0,47.1,0,38515.0,1.6,,,,
Montana,410997,240178,58.4,3,137126.0,33.4,0,24437.0,5.9,,,,
Nebraska,697019,433862,62.2,5,231780.0,33.3,0,24540.0,3.5,,,,
Nevada,608970,301575,49.5,4,279978.0,46.0,0,15008.0,2.5,,,,
New Hampshire,569081,273559,48.1,4,266348.0,46.8,0,22198.0,3.9,,,,
New Jersey,3187226,1284173,40.3,0,1788850.0,56.1,15,94554.0,3.0,,,,
New Mexico,598605,286417,47.8,0,286783.0,47.9,5,21251.0,3.6,,,,
New York,6821999,2403374,35.2,0,4107697.0,60.2,33,244030.0,3.6,,,,
North Carolina,2911262,1631163,56.0,14,1257692.0,43.2,0,0.0,0.0,,,,
North Dakota,288256,174852,60.7,3,95284.0,33.1,0,9486.0,3.3,,,,
Ohio,4701998,2350363,50.0,21,2183628.0,46.4,0,117799.0,2.5,,,,
Oklahoma,1234229,744337,60.3,8,474276.0,38.4,0,0.0,0.0,,,,
Oregon,1533968,713577,46.5,0,720342.0,47.0,7,77357.0,5.0,,,,
Pennsylvania,4913119,2281127,46.4,0,2485967.0,50.6,23,103392.0,2.1,,,,
Rhode Island,409047,130555,31.9,0,249508.0,61.0,4,25052.0,6.1,,,,
South Carolina,1382717,785937,56.8,8,565561.0,40.9,0,20200.0,1.5,,,,
South Dakota,316269,190700,60.3,3,118804.0,37.6,0,0.0,0.0,,,,
Tennessee,2076181,1061949,51.1,11,981720.0,47.3,0,19781.0,1.0,,,,
Texas,6407637,3799639,59.3,32,2433746.0,38.0,0,137994.0,2.2,,,,
Utah,770754,515096,66.8,5,203053.0,26.3,0,35850.0,4.7,,,,
Vermont,294308,119775,40.7,0,149022.0,50.6,3,20374.0,6.9,,,,
Virginia,2739447,1437490,52.5,13,1217290.0,44.4,0,59398.0,2.2,,,,
Washington,2487433,1108864,44.6,0,1247652.0,50.2,11,103002.0,4.1,,,,
West Virginia,648124,336475,51.9,5,295497.0,45.6,0,10680.0,1.6,,,,
Wisconsin,2598607,1237279,47.6,0,1242987.0,47.8,11,94070.0,3.6,,,,
Wyoming,218351,147947,67.8,3,60481.0,27.7,0,4625.0,2.1,,,,
